congressional_district,County Name,Grade Band,Offers CS?,School District Name,School Id,School Name,School Type (group),Grades Hi,Grades Lo,Gradespan,School Type,School Year,Stage El,Stage Hi,Stage Mi,State,State name,Teaches Cs,Students - Asian,Students - Black,Students - Native American,Students - Hispanic/Latinx,Students - Pacific Islander,Students - Two or More Races,Students - White,urban_rural,Latitude,Longitude,num_students
7,Suffolk County,Mixed,Yes,BOSTON,2.50E+11,O'BRYANT SCHOOL MATH/SCIENCE,public & charter,12,7,12-Jul,public,2019,0,1,1,MA,Massachusetts,Yes,46.28571429,74.14285714,0.428571429,75,0.428571429,4.428571429,26.28571429,Urban,42.331358,-71.088923,1589
4,Bristol County,12-Sep,Yes,SOUTHEASTERN REGIONAL VOCATIONAL TECHNICAL,2.51E+11,SOUTHEASTERN REGIONAL VOCATIONAL TECHNICAL,public & charter,12,9,12-Sep,public,2019,0,1,0,MA,Massachusetts,Yes,3.142857143,71.85714286,0,26.57142857,0,12.71428571,93.85714286,Rural,42.010321,-71.081801,1458
5,Middlesex County,12-Sep,Yes,CAMBRIDGE,2.50E+11,CAMBRIDGE RINDGE AND LATIN,public & charter,12,9,12-Sep,public,2019,0,1,0,MA,Massachusetts,Yes,29.85714286,78.85714286,1,41.85714286,1.142857143,21.85714286,107.8571429,Urban,42.374221,-71.112044,1977
6,Essex County,Mixed,Yes,PIONEER CHARTER SCHOOL OF SCIENCE II (PCSS-II) (DISTRICT),2.50E+11,PIONEER CHARTER SCHOOL OF SCIENCE II (PCSS-II),public & charter,12,7,12-Jul,charter,2019,0,1,1,MA,Massachusetts,Yes,6.142857143,18.28571429,0.142857143,12.28571429,0,0.857142857,13.71428571,Urban,42.465301,-71.018412,360
9,Plymouth County,Mixed,Yes,RISING TIDE CHARTER PUBLIC (DISTRICT),2.50E+11,RISING TIDE CHARTER PUBLIC SCHOOL,public & charter,12,5,12-May,charter,2019,1,1,1,MA,Massachusetts,Yes,1.428571429,0.857142857,1,3.428571429,0,6.142857143,81,Urban,41.957336,-70.696781,657
9,Dukes County,12-Sep,Yes,MARTHA'S VINEYARD,2.51E+11,MARTHA'S VINEYARD REGIONAL HIGH,public & charter,12,9,12-Sep,public,2019,0,1,0,MA,Massachusetts,Yes,1.142857143,4.285714286,1.857142857,18.57142857,0.285714286,4.571428571,65,Urban,41.417936,-70.596081,670
8,Norfolk County,Mixed,Yes,MILTON,2.51E+11,MILTON HIGH,public & charter,12,9,12-Sep,public,2019,1,1,0,MA,Massachusetts,Yes,9.571428571,29.28571429,0.285714286,8.285714286,0.285714286,4.571428571,100.4285714,Urban,42.25159,-71.087037,1070
2,Worcester County,12-Sep,Yes,NARRAGANSETT,2.51E+11,NARRAGANSETT REGIONAL HIGH,public & charter,12,9,12-Sep,public,2019,0,1,0,MA,Massachusetts,Yes,0,0.428571429,0,4,0,1.142857143,41.14285714,Urban,42.587922,-72.074137,327
2,Hampshire County,Mixed,No,PIONEER VALLEY CHINESE IMMERSION CHARTER (DISTRICT),2.50E+11,PIONEER VALLEY CHINESE IMMERSION CHARTER SCHOOL,public & charter,12,KG,KG - 12,charter,2019,1,1,1,MA,Massachusetts,No,14.85714286,7.142857143,0,5.714285714,0.142857143,9.857142857,39.14285714,Urban,42.352984,-72.558161,540
8,Plymouth County,12-Sep,Yes,BRIDGEWATER-RAYNHAM,2.50E+11,BRIDGEWATER-RAYNHAM REGIONAL,public & charter,12,9,12-Sep,public,2019,0,1,0,MA,Massachusetts,Yes,4.428571429,11.85714286,0.142857143,2.857142857,0.142857143,9.714285714,173.5714286,Urban,41.991114,-70.993141,1419
7,Suffolk County,12-Sep,Yes,BOSTON,2.50E+11,BOSTON INTERNATIONAL HIGH SCHOOL,public & charter,12,9,12-Sep,public,2019,0,1,0,MA,Massachusetts,Yes,4.714285714,20.28571429,0.142857143,35,0.142857143,0,1,Urban,42.281267,-71.080897,429
9,Barnstable County,Mixed,Yes,MONOMOY REGIONAL SCHOOL DISTRICT,2.50E+11,MONOMOY REGIONAL HIGH SCHOOL,public & charter,12,8,12-Aug,public,2019,0,1,1,MA,Massachusetts,Yes,1.428571429,7.285714286,0.571428571,6.571428571,0.285714286,4,71.14285714,Urban,41.690149,-70.067596,639
8,Plymouth County,Mixed,No,BROCKTON,2.50E+11,HUNTINGTON THERAPEUTIC DAY SCHOOL,public & charter,12,2,12-Feb,public,2019,1,1,1,MA,Massachusetts,No,0.142857143,4.285714286,0.142857143,1.857142857,0,0.428571429,2.285714286,Urban,42.062659,-71.019639,64
1,Berkshire County,Mixed,Yes,LENOX,2.51E+11,LENOX MEMORIAL HIGH,public & charter,12,6,12-Jun,public,2019,0,1,1,MA,Massachusetts,Yes,2.857142857,0.428571429,0,5.857142857,0,2.142857143,54.28571429,Urban,42.351705,-73.259082,459
3,Worcester County,Mixed,No,CLINTON,2.50E+11,CLINTON SENIOR HIGH,public & charter,12,9,12-Sep,public,2019,1,1,0,MA,Massachusetts,No,1.285714286,3.142857143,0,19.42857143,0,0.857142857,41,Urban,42.409213,-71.705976,460
9,Bristol County,Mixed,No,ATLANTIS CHARTER (DISTRICT),2.50E+11,ATLANTIS CHARTER SCHOOL,public & charter,12,KG,KG - 12,charter,2019,1,1,1,MA,Massachusetts,No,3.285714286,10.14285714,0.285714286,24.42857143,0.142857143,7.714285714,140,Urban,41.670113,-71.1437,1302
6,Essex County,12-Sep,Yes,LYNNFIELD,2.51E+11,LYNNFIELD HIGH,public & charter,12,9,12-Sep,public,2019,0,1,0,MA,Massachusetts,Yes,4,2.285714286,0,4,0,1.571428571,74.42857143,Urban,42.539097,-71.033263,605
8,Plymouth County,12-Sep,Yes,HINGHAM,2.51E+11,HINGHAM HIGH,public & charter,12,9,12-Sep,public,2019,0,1,0,MA,Massachusetts,Yes,6,2.142857143,0,6.428571429,0,4.857142857,166.5714286,Urban,42.227476,-70.87764,1302
2,Franklin County,Mixed,Yes,PIONEER VALLEY,2.51E+11,PIONEER VALLEY REGIONAL,public & charter,12,7,12-Jul,public,2019,0,1,1,MA,Massachusetts,Yes,0.428571429,0.571428571,0,0.857142857,0,1.428571429,39.28571429,Rural,42.683668,-72.484978,298
7,Suffolk County,12-Sep,No,BOSTON,2.50E+11,COMMUNITY ACADEMY,public & charter,12,9,12-Sep,public,2019,0,1,0,MA,Massachusetts,No,0,4.142857143,0.142857143,3.571428571,0,0.142857143,0.142857143,Urban,42.30897,-71.103453,57
7,Suffolk County,Mixed,Yes,BOSTON,2.50E+11,HORACE MANN SCHOOL FOR THE DEAF,public & charter,12,1,12-Jan,public,2019,1,1,1,MA,Massachusetts,Yes,0.571428571,3.714285714,0,5.428571429,0,0,1.142857143,Urban,42.352795,-71.137633,76
2,Hampshire County,Mixed,Yes,HATFIELD,2.51E+11,SMITH ACADEMY,public & charter,12,7,12-Jul,public,2019,0,1,1,MA,Massachusetts,Yes,0.285714286,0.142857143,0,0.714285714,0,0.857142857,24.85714286,Rural,42.375684,-72.600775,188
4,Middlesex County,12-Sep,Yes,NEWTON,2.51E+11,NEWTON SOUTH HIGH,public & charter,12,9,12-Sep,public,2019,0,1,0,MA,Massachusetts,Yes,61.57142857,13.85714286,0,17.71428571,0,16.42857143,173.1428571,Urban,42.314307,-71.186496,1983
2,Worcester County,Mixed,Yes,MILLBURY,2.51E+11,MILLBURY JUNIOR/SENIOR HIGH,public & charter,12,7,12-Jul,public,2019,0,1,1,MA,Massachusetts,Yes,3.428571429,4.285714286,0.142857143,10.28571429,0,3.714285714,84.57142857,Urban,42.19995,-71.76752,745
1,Hampden County,Mixed,Yes,MONSON,2.51E+11,MONSON HIGH SCHOOL,public & charter,12,7,12-Jul,public,2019,0,1,1,MA,Massachusetts,Yes,0.571428571,0.571428571,0,1.857142857,0.571428571,1.142857143,47,Rural,42.115341,-72.324032,362
9,Barnstable County,Mixed,Yes,BARNSTABLE,2.50E+11,BARNSTABLE HIGH,public & charter,12,8,12-Aug,public,2019,0,1,1,MA,Massachusetts,Yes,4.714285714,22,1,43.14285714,0.571428571,11.28571429,175.2857143,Urban,41.654603,-70.320358,1807
1,Hampden County,Mixed,Yes,PALMER,2.51E+11,PALMER HIGH,public & charter,12,6,12-Jun,public,2019,0,1,1,MA,Massachusetts,Yes,2.285714286,2.428571429,0.285714286,10,0,4.857142857,74.71428571,Urban,42.185599,-72.339622,662
7,Suffolk County,Mixed,No,BOSTON GREEN ACADEMY HORACE MANN CHARTER SCHOOL (DISTRICT),2.50E+11,BOSTON GREEN ACADEMY HORACE MANN CHARTER SCHOOL,public & charter,12,6,12-Jun,charter,2019,0,1,1,MA,Massachusetts,No,1.142857143,30.71428571,0.142857143,31.71428571,0.285714286,2,5.428571429,Urban,42.350353,-71.145895,500
2,Worcester County,Mixed,Yes,ABBY KELLEY FOSTER CHARTER PUBLIC (DISTRICT),2.50E+11,ABBY KELLEY FOSTER CHARTER PUBLIC SCHOOL,public & charter,12,KG,KG - 12,charter,2019,1,1,1,MA,Massachusetts,Yes,7.142857143,106.7142857,0.714285714,42.42857143,0.142857143,6.571428571,39.85714286,Urban,42.305635,-71.801599,1425
7,Norfolk County,12-Sep,Yes,RANDOLPH,2.51E+11,RANDOLPH HIGH,public & charter,12,9,12-Sep,public,2019,0,1,0,MA,Massachusetts,Yes,17.57142857,51.57142857,0,12.85714286,0.428571429,3.285714286,7.857142857,Urban,42.162284,-71.044996,655
8,Norfolk County,12-Sep,Yes,CANTON,2.50E+11,CANTON HIGH,public & charter,12,9,12-Sep,public,2019,0,1,0,MA,Massachusetts,Yes,16,15.85714286,0,8.571428571,0,6.428571429,91.85714286,Urban,42.162712,-71.145292,974
7,Suffolk County,12-Sep,No,BOSTON,2.50E+11,BOSTON COLLABORATIVE HIGH SCHOOL,public & charter,12,9,12-Sep,public,2019,0,1,0,MA,Massachusetts,No,0.428571429,8,0,12.85714286,0,0.714285714,3,Urban,42.333615,-71.050763,175
1,Hampden County,12-Sep,Yes,CHICOPEE,2.50E+11,CHICOPEE COMPREHENSIVE HIGH SCHOOL,public & charter,12,9,12-Sep,public,2019,0,1,0,MA,Massachusetts,Yes,4,4,0.428571429,46,0,3.714285714,110.8571429,Urban,42.177135,-72.591822,1183
1,Hampden County,12-Sep,Yes,HOLYOKE,2.51E+11,HOLYOKE HIGH,public & charter,12,9,12-Sep,public,2019,0,1,0,MA,Massachusetts,Yes,1,4.857142857,0.142857143,172.2857143,0.142857143,2.428571429,35.57142857,Urban,42.200352,-72.623346,1517
7,Suffolk County,12-Sep,Yes,BOSTON,2.50E+11,LYON UPPER 9-12,public & charter,12,9,12-Sep,public,2019,0,1,0,MA,Massachusetts,Yes,1.571428571,4.428571429,0,6.857142857,0,1,5.142857143,Urban,42.352112,-71.160823,133
*,Plymouth County,12-Sep,No,HULL,2.51E+11,HULL HIGH,public & charter,12,9,12-Sep,public,2019,0,1,0,MA,Massachusetts,No,0.571428571,0.714285714,0,0.714285714,0,0.571428571,36.57142857,Urban,42.304364,-70.920355,274
5,Middlesex County,12-Sep,Yes,WOBURN,2.51E+11,WOBURN HIGH,public & charter,12,9,12-Sep,public,2019,0,1,0,MA,Massachusetts,Yes,11.28571429,12,0.857142857,23.42857143,0.142857143,2.714285714,127.8571429,Urban,42.483109,-71.14361,1249
8,Plymouth County,12-Sep,Yes,SCITUATE,2.51E+11,SCITUATE HIGH SCHOOL,public & charter,12,9,12-Sep,public,2019,0,1,0,MA,Massachusetts,Yes,2.285714286,3.714285714,0,1.285714286,0,1.857142857,124.1428571,Urban,42.20008,-70.769616,934
5,Middlesex County,12-Sep,Yes,WAYLAND,2.51E+11,WAYLAND HIGH SCHOOL,public & charter,12,9,12-Sep,public,2019,0,1,0,MA,Massachusetts,Yes,21.42857143,5.285714286,0,5.714285714,0.142857143,8,78.85714286,Urban,42.342455,-71.374757,836
7,Suffolk County,12-Sep,Yes,BOSTON,2.50E+11,THE ENGLISH HIGH,public & charter,12,9,12-Sep,public,2019,0,1,0,MA,Massachusetts,Yes,0.714285714,29.42857143,0.142857143,46.85714286,0.142857143,1,2.428571429,Urban,42.306235,-71.109548,566
1,Hampshire County,Mixed,Yes,PIONEER VALLEY PERFORMING ARTS CHARTER PUBLIC (DISTRICT),2.50E+11,PIONEER VALLEY PERFORMING ARTS CHARTER PUBLIC SCHOOL,public & charter,12,7,12-Jul,charter,2019,0,1,1,MA,Massachusetts,Yes,1,5.142857143,0,10.71428571,0.142857143,4.285714286,35,Urban,42.24129,-72.59941,396
6,Essex County,12-Sep,Yes,NORTH ANDOVER,2.51E+11,NORTH ANDOVER HIGH,public & charter,12,9,12-Sep,public,2019,0,1,0,MA,Massachusetts,Yes,14.14285714,6.857142857,0,20.14285714,0.285714286,3.714285714,151.5714286,Urban,42.701068,-71.116598,1377
5,Middlesex County,Mixed,Yes,NATICK,2.51E+11,NATICK HIGH,public & charter,12,9,12-Sep,public,2019,1,1,0,MA,Massachusetts,Yes,20.42857143,8.571428571,0.142857143,16.42857143,0.285714286,12.28571429,193.1428571,Urban,42.276102,-71.361577,1762
7,Suffolk County,12-Sep,Yes,BOSTON,2.50E+11,MADISON PARK HIGH,public & charter,12,9,12-Sep,public,2019,0,1,0,MA,Massachusetts,Yes,2,56.28571429,0.571428571,80.14285714,0.571428571,2.428571429,3.857142857,Urban,42.331867,-71.090468,1021
4,Norfolk County,12-Sep,Yes,MEDFIELD,2.51E+11,MEDFIELD SENIOR HIGH,public & charter,12,9,12-Sep,public,2019,0,1,0,MA,Massachusetts,Yes,6.285714286,1.142857143,0.142857143,2.714285714,0,3.571428571,101,Urban,42.184839,-71.297268,804
9,Bristol County,12-Sep,Yes,FAIRHAVEN,2.50E+11,FAIRHAVEN HIGH,public & charter,12,9,12-Sep,public,2019,0,1,0,MA,Massachusetts,Yes,2.428571429,1.857142857,0.571428571,5.571428571,0,2,87.42857143,Urban,41.643579,-70.905505,699
2,Worcester County,12-Sep,Yes,ATHOL-ROYALSTON,2.50E+11,ATHOL HIGH,public & charter,12,9,12-Sep,public,2019,0,1,0,MA,Massachusetts,Yes,0.142857143,0.571428571,0,3.142857143,0,1.857142857,41.14285714,Urban,42.582887,-72.204236,328
4,Bristol County,Mixed,Yes,FALL RIVER,2.50E+11,RESILIENCY PREPARATORY ACADEMY,public & charter,12,7,12-Jul,public,2019,0,1,1,MA,Massachusetts,Yes,0.142857143,4.428571429,0.142857143,10.85714286,0,2.142857143,12.71428571,Urban,41.705563,-71.152256,214
9,Plymouth County,12-Sep,Yes,OLD COLONY REGIONAL VOCATIONAL TECHNICAL,2.51E+11,OLD COLONY REGIONAL VOCATIONAL TECHNICAL,public & charter,12,9,12-Sep,public,2019,0,1,0,MA,Massachusetts,Yes,0.714285714,0.857142857,0.142857143,1.857142857,0,2,73.71428571,Rural,41.78594,-70.8716,556
9,Plymouth County,Mixed,Yes,SILVER LAKE,2.51E+11,SILVER LAKE REGIONAL HIGH,public & charter,12,9,12-Sep,public,2019,1,1,0,MA,Massachusetts,Yes,1.857142857,3,0.428571429,3.142857143,0.142857143,1,167.1428571,Urban,42.015077,-70.785514,1237
6,Essex County,12-Sep,No,LYNN,2.51E+11,LYNN ENGLISH HIGH,public & charter,12,9,12-Sep,public,2019,0,1,0,MA,Massachusetts,No,24.71428571,26.57142857,1.142857143,190.4285714,0,6.571428571,31.28571429,Urban,42.476888,-70.943933,1966
6,Essex County,12-Sep,Yes,SALEM,2.51E+11,SALEM HIGH,public & charter,12,9,12-Sep,public,2019,0,1,0,MA,Massachusetts,Yes,3.571428571,6.428571429,0.142857143,58.42857143,0,5.571428571,52.42857143,Urban,42.506317,-70.910966,886
2,Franklin County,Mixed,Yes,FRONTIER,2.51E+11,FRONTIER REGIONAL,public & charter,12,7,12-Jul,public,2019,0,1,1,MA,Massachusetts,Yes,2.857142857,2.142857143,0,4.285714286,0.142857143,3.142857143,81,Urban,42.483477,-72.605638,655
6,Essex County,12-Sep,Yes,IPSWICH,2.51E+11,IPSWICH HIGH,public & charter,12,9,12-Sep,public,2019,0,1,0,MA,Massachusetts,Yes,1.142857143,0.571428571,0,4.142857143,0,3.285714286,68.85714286,Urban,42.688641,-70.851354,547
6,Essex County,12-Sep,Yes,ESSEX NORTH SHORE AGRICULTURAL AND TECHNICAL SCHOOL DISTRICT,2.50E+11,ESSEX NORTH SHORE AGRICULTURAL AND TECHNICAL SCHOOL,public & charter,12,9,12-Sep,public,2019,0,1,0,MA,Massachusetts,Yes,3.142857143,2.571428571,0.714285714,27.85714286,0.142857143,7.857142857,170.7142857,Urban,42.59188,-70.978476,1492
3,Middlesex County,Mixed,Yes,ADVANCED MATH AND SCIENCE ACADEMY CHARTER (DISTRICT),2.50E+11,ADVANCED MATH AND SCIENCE ACADEMY CHARTER SCHOOL,public & charter,12,6,12-Jun,charter,2019,0,1,1,MA,Massachusetts,Yes,23.28571429,3,0.285714286,9.285714286,0,9.142857143,92.57142857,Urban,42.333658,-71.577779,963
6,Middlesex County,12-Sep,Yes,READING,2.51E+11,READING MEMORIAL HIGH,public & charter,12,9,12-Sep,public,2019,0,1,0,MA,Massachusetts,Yes,9.571428571,3.714285714,0.285714286,4.142857143,0,2.857142857,154.8571429,Urban,42.534679,-71.109086,1230
1,Hampden County,12-Sep,Yes,SPRINGFIELD,2.51E+11,HIGH SCHOOL OF COMMERCE,public & charter,12,9,12-Sep,public,2019,0,1,0,MA,Massachusetts,Yes,2.285714286,30.14285714,0.428571429,110.8571429,0.285714286,1.857142857,10.71428571,Urban,42.10642,-72.577064,1096
8,Norfolk County,12-Sep,Yes,WALPOLE,2.51E+11,WALPOLE HIGH,public & charter,12,9,12-Sep,public,2019,0,1,0,MA,Massachusetts,Yes,8.142857143,4.714285714,0.714285714,8.714285714,0,3.571428571,128.1428571,Urban,42.136641,-71.247798,1078
1,Hampshire County,Mixed,Yes,GRANBY,2.51E+11,GRANBY JR SR HIGH SCHOOL,public & charter,12,7,12-Jul,public,2019,0,1,1,MA,Massachusetts,Yes,0.571428571,0.142857143,0,3.714285714,0,1.571428571,42.71428571,Rural,42.264668,-72.494036,341
1,Hampden County,12-Sep,Yes,LONGMEADOW,2.51E+11,LONGMEADOW HIGH,public & charter,12,9,12-Sep,public,2019,0,1,0,MA,Massachusetts,Yes,13.57142857,3.285714286,0.142857143,4.857142857,0.142857143,4.142857143,108.4285714,Urban,42.055,-72.559316,942
5,Middlesex County,Mixed,Yes,MEDFORD,2.51E+11,MEDFORD HIGH,public & charter,12,9,12-Sep,public,2019,1,1,0,MA,Massachusetts,Yes,20.14285714,26.28571429,0.142857143,23.85714286,0.142857143,7.285714286,110,Urban,42.42956,-71.12548,1315
6,Middlesex County,12-Sep,Yes,NORTH READING,2.51E+11,NORTH READING HIGH,public & charter,12,9,12-Sep,public,2019,0,1,0,MA,Massachusetts,Yes,4,0.714285714,0.142857143,2.571428571,0.142857143,2.571428571,95.57142857,Urban,42.577572,-71.084201,740
8,Suffolk County,12-Sep,Yes,BOSTON,2.50E+11,EXCEL HIGH SCHOOL,public & charter,12,9,12-Sep,public,2019,0,1,0,MA,Massachusetts,Yes,12.71428571,25.14285714,0.428571429,24.85714286,0.142857143,0.857142857,5.571428571,Urban,42.332874,-71.044766,488
1,Hampden County,12-Sep,Yes,SPRINGFIELD,2.51E+11,SPRINGFIELD HIGH SCHOOL OF SCIENCE AND TECHNOLOGY,public & charter,12,9,12-Sep,public,2019,0,1,0,MA,Massachusetts,Yes,3,31.28571429,0.142857143,126,0.285714286,2,15.14285714,Urban,42.118115,-72.550205,1245
7,Suffolk County,Mixed,Yes,MATCH CHARTER PUBLIC SCHOOL (DISTRICT),2.50E+11,MATCH CHARTER PUBLIC SCHOOL,public & charter,12,PK,PK - 12,charter,2019,1,1,1,MA,Massachusetts,Yes,0.857142857,84,0.714285714,82,0.428571429,3.857142857,2.857142857,Urban,42.352098,-71.121004,1223
2,Worcester County,12-Sep,Yes,WORCESTER,2.51E+11,NORTH HIGH,public & charter,12,9,12-Sep,public,2019,0,1,0,MA,Massachusetts,Yes,10.28571429,39.71428571,0.142857143,91,0,5.571428571,32.28571429,Urban,42.260838,-71.766893,1253
1,Berkshire County,12-Sep,Yes,PITTSFIELD,2.51E+11,PITTSFIELD HIGH,public & charter,12,9,12-Sep,public,2019,0,1,0,MA,Massachusetts,Yes,2.285714286,11.71428571,0.142857143,14.42857143,0,5,74.28571429,Urban,42.446941,-73.248278,755
8,Norfolk County,Mixed,Yes,AVON,2.50E+11,AVON MIDDLE HIGH SCHOOL,public & charter,12,7,12-Jul,public,2019,0,1,1,MA,Massachusetts,Yes,2.428571429,16.57142857,0.142857143,4.285714286,0,3,17.71428571,Urban,42.129677,-71.043032,309
4,Bristol County,Mixed,Yes,DIGHTON-REHOBOTH,2.50E+11,DIGHTON-REHOBOTH REGIONAL HIGH SCHOOL,public & charter,12,9,12-Sep,public,2019,1,1,0,MA,Massachusetts,Yes,1,1.571428571,0.142857143,4,0,2.285714286,101.1428571,Rural,41.852889,-71.196809,771
3,Middlesex County,12-Sep,No,ASSABET VALLEY REGIONAL VOCATIONAL TECHNICAL,2.50E+11,ASSABET VALLEY VOCATIONAL HIGH SCHOOL,public & charter,12,9,12-Sep,public,2019,0,1,0,MA,Massachusetts,No,0.857142857,2.857142857,0.428571429,30.71428571,0,3.714285714,123.5714286,Urban,42.368204,-71.566451,1141
4,Bristol County,12-Sep,Yes,GREATER FALL RIVER REGIONAL VOCATIONAL TECHNICAL,2.51E+11,DIMAN REGIONAL VOCATIONAL TECHNICAL HIGH,public & charter,12,9,12-Sep,public,2019,0,1,0,MA,Massachusetts,Yes,4.714285714,6.428571429,1.142857143,25.14285714,0.142857143,11.14285714,156,Urban,41.699897,-71.124692,1433
8,Norfolk County,12-Sep,Yes,STOUGHTON,2.51E+11,STOUGHTON HIGH,public & charter,12,9,12-Sep,public,2019,0,1,0,MA,Massachusetts,Yes,10.14285714,38.85714286,0.285714286,13.85714286,0.285714286,4.571428571,78,Urban,42.129104,-71.10879,1022
8,Norfolk County,12-Sep,Yes,QUINCY,2.51E+11,QUINCY HIGH,public & charter,12,9,12-Sep,public,2019,0,1,0,MA,Massachusetts,Yes,51.42857143,25.28571429,0.571428571,18.57142857,0.571428571,7.857142857,116,Urban,42.253819,-71.000466,1543
2,Worcester County,Mixed,No,WORCESTER,2.51E+11,CLAREMONT ACADEMY,public & charter,12,7,12-Jul,public,2019,0,1,1,MA,Massachusetts,No,6.857142857,8.857142857,0.142857143,60.71428571,0,1.285714286,5.142857143,Urban,42.25421,-71.817732,581
2,Worcester County,12-Sep,Yes,SPENCER-E BROOKFIELD,2.50E+11,DAVID PROUTY HIGH,public & charter,12,9,12-Sep,public,2019,0,1,0,MA,Massachusetts,Yes,1,1.285714286,0.285714286,4.714285714,0,0.571428571,29.42857143,Urban,42.25046,-71.976965,261
7,Norfolk County,12-Sep,Yes,BROOKLINE,2.50E+11,BROOKLINE HIGH,public & charter,12,9,12-Sep,public,2019,0,1,0,MA,Massachusetts,Yes,48.57142857,23.28571429,0,33.71428571,0.285714286,29.14285714,161.2857143,Urban,42.332894,-71.128843,2083
9,Plymouth County,Mixed,No,SOUTH SHORE CHARTER PUBLIC (DISTRICT),2.50E+11,SOUTH SHORE CHARTER PUBLIC SCHOOL,public & charter,12,KG,KG - 12,charter,2019,1,1,1,MA,Massachusetts,No,8,46,0.428571429,5.857142857,0.285714286,12,70,Urban,42.156729,-70.881198,1001
1,Hampden County,12-Sep,No,SPRINGFIELD,2.51E+11,GATEWAY TO COLLEGE AT HOLYOKE COMMUNITY COLLEGE,public & charter,12,10,12-Oct,public,2019,0,1,0,MA,Massachusetts,No,0.142857143,0.571428571,0,3.285714286,0,0,0.571428571,Urban,42.194612,-72.652544,32
7,Suffolk County,12-Sep,No,BOSTON DAY AND EVENING ACADEMY CHARTER (DISTRICT),2.50E+11,BOSTON DAY AND EVENING ACADEMY CHARTER SCHOOL,public & charter,12,9,12-Sep,charter,2019,0,1,0,MA,Massachusetts,No,0.571428571,28.42857143,0.571428571,25.28571429,0,0.714285714,3.428571429,Urban,42.326972,-71.081831,414
6,Middlesex County,12-Sep,Yes,WILMINGTON,2.51E+11,WILMINGTON HIGH,public & charter,12,9,12-Sep,public,2019,0,1,0,MA,Massachusetts,Yes,6.285714286,1.714285714,0,5,0,3.428571429,98.71428571,Urban,42.555706,-71.16378,808
3,Essex County,12-Sep,Yes,METHUEN,2.51E+11,METHUEN HIGH,public & charter,12,9,12-Sep,public,2019,0,1,0,MA,Massachusetts,Yes,12.57142857,5.142857143,0.142857143,113.4285714,0.285714286,13.14285714,135.8571429,Urban,42.73266,-71.172074,1964
4,Bristol County,12-Sep,Yes,NORTON,2.51E+11,NORTON HIGH,public & charter,12,9,12-Sep,public,2019,0,1,0,MA,Massachusetts,Yes,2.428571429,1.571428571,0,3.571428571,0.285714286,1.714285714,90.71428571,Urban,41.960539,-71.196538,702
9,Plymouth County,12-Sep,Yes,NORWELL,2.51E+11,NORWELL HIGH,public & charter,12,9,12-Sep,public,2019,0,1,0,MA,Massachusetts,Yes,2.285714286,0.714285714,0,2,0.285714286,1.571428571,89.42857143,Urban,42.156312,-70.838596,674
1,Berkshire County,12-Sep,Yes,NORTHERN BERKSHIRE REGIONAL VOCATIONAL TECHNICAL,2.51E+11,CHARLES MCCANN VOCATIONAL TECHNICAL,public & charter,12,9,12-Sep,public,2019,0,1,0,MA,Massachusetts,Yes,0.285714286,0.428571429,0,1,0,1.857142857,68.85714286,Rural,42.66433,-73.100772,507
1,Worcester County,12-Sep,Yes,DUDLEY-CHARLTON REG,2.50E+11,SHEPHERD HILL REGIONAL HIGH,public & charter,12,9,12-Sep,public,2019,0,1,0,MA,Massachusetts,Yes,2.428571429,2.714285714,0.285714286,13.57142857,0.142857143,3.285714286,127.1428571,Urban,42.053622,-71.917946,1048
9,Barnstable County,12-Sep,Yes,BOURNE,2.50E+11,BOURNE HIGH SCHOOL,public & charter,12,9,12-Sep,public,2019,0,1,0,MA,Massachusetts,Yes,1.857142857,0.714285714,0.428571429,3.142857143,0.142857143,1.857142857,57.71428571,Urban,41.738896,-70.59254,461
9,Barnstable County,12-Sep,Yes,MASHPEE,2.51E+11,MASHPEE HIGH,public & charter,12,9,12-Sep,public,2019,0,1,0,MA,Massachusetts,Yes,2,3.571428571,3.714285714,2.714285714,0.142857143,3.428571429,49.28571429,Urban,41.614857,-70.506235,454
3,Middlesex County,12-Sep,Yes,MARLBOROUGH,2.51E+11,MARLBOROUGH HIGH,public & charter,12,9,12-Sep,public,2019,0,1,0,MA,Massachusetts,Yes,2.857142857,4.714285714,0.142857143,83,0,2.857142857,56.42857143,Urban,42.363279,-71.545074,1050
9,Plymouth County,12-Sep,Yes,PEMBROKE,2.51E+11,PEMBROKE HIGH SCHOOL,public & charter,12,9,12-Sep,public,2019,0,1,0,MA,Massachusetts,Yes,2,0.857142857,0,1.571428571,0.142857143,1,110.8571429,Rural,42.053541,-70.797845,816
4,Norfolk County,12-Sep,Yes,NEEDHAM,2.51E+11,NEEDHAM HIGH,public & charter,12,9,12-Sep,public,2019,0,1,0,MA,Massachusetts,Yes,19.42857143,5,0.285714286,11.85714286,0.142857143,11,188.8571429,Urban,42.286816,-71.23119,1658
1,Hampden County,12-Sep,Yes,WEST SPRINGFIELD,2.51E+11,WEST SPRINGFIELD HIGH,public & charter,12,9,12-Sep,public,2019,0,1,0,MA,Massachusetts,Yes,12.85714286,7.428571429,0.285714286,35.14285714,0,3.857142857,116.4285714,Urban,42.122225,-72.640894,1232
1,Hampden County,Mixed,Yes,SPRINGFIELD,2.51E+11,JOHN J DUGGAN MIDDLE,public & charter,12,6,12-Jun,public,2019,0,1,1,MA,Massachusetts,Yes,2.142857143,30,0.428571429,62.28571429,0,1.428571429,14.57142857,Urban,42.114295,-72.526619,776
9,Barnstable County,12-Sep,Yes,NAUSET,2.50E+11,NAUSET REGIONAL HIGH,public & charter,12,9,12-Sep,public,2019,0,1,0,MA,Massachusetts,Yes,3.571428571,8,0.142857143,4.571428571,0.142857143,4.714285714,107.1428571,Rural,41.85928,-69.969012,900
7,Suffolk County,Mixed,Yes,BOSTON PREPARATORY CHARTER PUBLIC (DISTRICT),2.50E+11,BOSTON PREPARATORY CHARTER PUBLIC SCHOOL,public & charter,12,6,12-Jun,charter,2019,0,1,1,MA,Massachusetts,Yes,0.428571429,55.28571429,0.142857143,22.71428571,0.142857143,2.571428571,1.714285714,Urban,42.262177,-71.110433,581
1,Worcester County,12-Sep,Yes,TANTASQUA,2.51E+11,TANTASQUA REGIONAL SR HIGH,public & charter,12,9,12-Sep,public,2019,0,1,0,MA,Massachusetts,Yes,1.714285714,1.428571429,0.142857143,5.714285714,0,4.571428571,88.57142857,Rural,42.160419,-72.131885,715
5,Middlesex County,12-Sep,Yes,WALTHAM,2.51E+11,WALTHAM SR HIGH,public & charter,12,9,12-Sep,public,2019,0,1,0,MA,Massachusetts,Yes,8.857142857,23.85714286,0.285714286,106.2857143,0,4.428571429,92.42857143,Urban,42.39459,-71.229606,1654
3,Middlesex County,Mixed,No,COLLEGIATE CHARTER SCHOOL OF LOWELL (DISTRICT),2.50E+11,COLLEGIATE CHARTER SCHOOL OF LOWELL,public & charter,9,KG,KG - 09,charter,2019,1,1,1,MA,Massachusetts,No,36.28571429,26.71428571,0.142857143,47.14285714,0,4.428571429,18.42857143,Urban,42.636756,-71.359121,932
6,Essex County,12-Sep,Yes,MANCHESTER ESSEX REGIONAL,2.50E+11,MANCHESTER ESSEX REGIONAL HIGH SCHOOL,public & charter,12,9,12-Sep,public,2019,0,1,0,MA,Massachusetts,Yes,1,0,0,1,0,0.428571429,66.57142857,Urban,42.582396,-70.765846,483
6,Essex County,12-Sep,Yes,MASCONOMET,2.51E+11,MASCONOMET REGIONAL HIGH SCHOOL,public & charter,12,9,12-Sep,public,2019,0,1,0,MA,Massachusetts,Yes,6.714285714,0.571428571,0.142857143,4.285714286,0.285714286,3.428571429,148,Urban,42.627137,-70.975855,1144
4,Middlesex County,12-Sep,Yes,HOPKINTON,2.51E+11,HOPKINTON HIGH,public & charter,12,9,12-Sep,public,2019,0,1,0,MA,Massachusetts,Yes,24.57142857,2,0.714285714,4,0,3.428571429,140.8571429,Urban,42.217873,-71.519082,1229
7,Suffolk County,12-Sep,No,PHOENIX CHARTER ACADEMY (DISTRICT),2.50E+11,PHOENIX CHARTER ACADEMY,public & charter,12,9,12-Sep,charter,2019,0,1,0,MA,Massachusetts,No,0,3.285714286,0.428571429,26.14285714,0,0,1,Urban,42.392452,-71.033905,216
8,Plymouth County,12-Sep,No,BROCKTON,2.50E+11,EDISON ACADEMY,public & charter,12,9,12-Sep,public,2019,0,1,0,MA,Massachusetts,No,0.142857143,24.85714286,0,6.571428571,0.142857143,1,2.857142857,Urban,42.067216,-71.044157,249
1,Hampden County,Mixed,Yes,HAMPDEN CHARTER SCHOOL OF SCIENCE EAST (DISTRICT),2.50E+11,HAMPDEN CHARTER SCHOOL OF SCIENCE EAST,public & charter,12,6,12-Jun,charter,2019,0,1,1,MA,Massachusetts,Yes,1.428571429,23.71428571,0.142857143,24.42857143,0,2.142857143,23,Urban,42.19709,-72.563194,524
6,Essex County,12-Sep,Yes,AMESBURY,2.50E+11,AMESBURY HIGH,public & charter,12,9,12-Sep,public,2019,0,1,0,MA,Massachusetts,Yes,1,1.142857143,0,4.428571429,0,2.857142857,66.14285714,Urban,42.850888,-70.942553,529
2,Worcester County,12-Sep,Yes,WORCESTER,2.51E+11,WORCESTER TECHNICAL HIGH,public & charter,12,9,12-Sep,public,2019,0,1,0,MA,Massachusetts,Yes,16.71428571,34.85714286,0.285714286,76.85714286,0.142857143,7,73.57142857,Urban,42.276619,-71.777579,1466
7,Suffolk County,12-Sep,Yes,BOSTON,2.50E+11,BOSTON ADULT ACADEMY,public & charter,12,11,12-Nov,public,2019,0,1,0,MA,Massachusetts,Yes,1.142857143,13.71428571,0,10.57142857,0,0.714285714,0,Urban,42.348671,-71.068159,183
9,Dukes County,Mixed,No,MARTHA'S VINEYARD CHARTER (DISTRICT),2.50E+11,MARTHA'S VINEYARD CHARTER SCHOOL,public & charter,12,KG,KG - 12,charter,2019,1,1,1,MA,Massachusetts,No,0.142857143,0.428571429,0.428571429,2.428571429,0,2.142857143,19,Rural,41.419303,-70.664466,172
6,Essex County,12-Sep,Yes,NEWBURYPORT,2.51E+11,NEWBURYPORT HIGH,public & charter,12,9,12-Sep,public,2019,0,1,0,MA,Massachusetts,Yes,2.571428571,0.285714286,0.142857143,4,0,2.714285714,104,Urban,42.813067,-70.886584,797
7,Suffolk County,Mixed,Yes,CODMAN ACADEMY CHARTER PUBLIC (DISTRICT),2.50E+11,CODMAN ACADEMY CHARTER PUBLIC SCHOOL,public & charter,12,PK,PK - 12,charter,2019,1,1,1,MA,Massachusetts,Yes,0,36.85714286,0.142857143,10.28571429,0,0.571428571,0.571428571,Urban,42.289796,-71.071261,339
1,Hampden County,Mixed,No,SPRINGFIELD,2.51E+11,THE SPRINGFIELD RENAISSANCE SCHOOL AN EXPEDITIONARY LEARNING,public & charter,12,6,12-Jun,public,2019,0,1,1,MA,Massachusetts,No,1.571428571,22.71428571,0,50.71428571,0.142857143,1.571428571,16.14285714,Urban,42.1333,-72.57326,650
3,Middlesex County,Mixed,No,FRANCIS W. PARKER CHARTER ESSENTIAL (DISTRICT),2.50E+11,FRANCIS W. PARKER CHARTER ESSENTIAL SCHOOL,public & charter,12,7,12-Jul,charter,2019,0,1,1,MA,Massachusetts,No,1.142857143,0.714285714,0.142857143,1.714285714,0,3.285714286,49.28571429,Urban,42.548649,-71.606549,397
3,Worcester County,12-Sep,No,WINCHENDON,2.51E+11,MURDOCK ACADEMY FOR SUCCESS,public & charter,12,9,12-Sep,public,2019,0,1,0,MA,Massachusetts,No,0,0.285714286,0,0,0,0.285714286,4.285714286,Urban,42.686789,-72.053735,34
3,Middlesex County,12-Sep,Yes,ACTON-BOXBOROUGH,2.50E+11,ACTON-BOXBOROUGH REGIONAL HIGH,public & charter,12,9,12-Sep,public,2019,0,1,0,MA,Massachusetts,Yes,86.42857143,6.714285714,0.571428571,11.42857143,0,11.57142857,142.2857143,Urban,42.4801,-71.45815,1814
2,Franklin County,Mixed,No,GREENFIELD,2.51E+11,GREENFIELD HIGH,public & charter,12,8,12-Aug,public,2019,0,1,1,MA,Massachusetts,No,1.714285714,1.857142857,0.142857143,14.42857143,0,4.857142857,46,Rural,42.605244,-72.59456,484
1,Hampden County,12-Sep,No,SPRINGFIELD,2.51E+11,SPRINGFIELD INTERNATIONAL ACADEMY AT SCI-TECH,public & charter,10,9,10-Sep,public,2019,0,1,0,MA,Massachusetts,No,0.285714286,0.428571429,0,6.428571429,0,0,0.142857143,Urban,42.118115,-72.550205,51
6,Essex County,12-Sep,No,SALEM,2.51E+11,NEW LIBERTY INNOVATION SCHOOL,public & charter,12,9,12-Sep,public,2019,0,1,0,MA,Massachusetts,No,0,0.428571429,0,3.571428571,0,0.285714286,2.714285714,Urban,42.522295,-70.893214,49
3,Worcester County,Mixed,Yes,HARVARD,2.51E+11,BROMFIELD,public & charter,12,6,12-Jun,public,2019,0,1,1,MA,Massachusetts,Yes,10,1.857142857,0,4.142857143,0,2.714285714,69.57142857,Rural,42.498337,-71.585263,619
3,Worcester County,12-Sep,Yes,ASHBURNHAM-WESTMINSTER,2.50E+11,OAKMONT REGIONAL HIGH SCHOOL,public & charter,12,9,12-Sep,public,2019,0,1,0,MA,Massachusetts,Yes,1.428571429,0.142857143,0,2.285714286,0,1.571428571,89.71428571,Rural,42.603784,-71.922342,667
3,Middlesex County,12-Sep,Yes,CHELMSFORD,2.50E+11,CHELMSFORD HIGH,public & charter,12,9,12-Sep,public,2019,0,1,0,MA,Massachusetts,Yes,31.42857143,6.857142857,0,8,0.428571429,4.714285714,150.2857143,Urban,42.621488,-71.375602,1412
4,Bristol County,12-Sep,Yes,BRISTOL-PLYMOUTH REGIONAL VOCATIONAL TECHNICAL,2.50E+11,BRISTOL-PLYMOUTH VOCATIONAL TECHNICAL,public & charter,12,9,12-Sep,public,2019,0,1,0,MA,Massachusetts,Yes,1.285714286,5.428571429,1.142857143,11.71428571,0,7.142857143,159.5714286,Urban,41.879162,-71.056566,1305
7,Middlesex County,Mixed,Yes,PIONEER CHARTER SCHOOL OF SCIENCE (DISTRICT),2.50E+11,PIONEER CHARTER SCHOOL OF SCIENCE,public & charter,12,KG,KG - 12,charter,2019,1,1,1,MA,Massachusetts,Yes,8.428571429,28.14285714,2,34,0,1.857142857,38.85714286,Urban,42.408071,-71.051077,793
2,Worcester County,12-Sep,Yes,GRAFTON,2.51E+11,GRAFTON HIGH SCHOOL,public & charter,12,9,12-Sep,public,2019,0,1,0,MA,Massachusetts,Yes,12.71428571,2.428571429,0,4.857142857,0,3.428571429,101.1428571,Urban,42.210278,-71.695101,872
7,Suffolk County,Mixed,Yes,BOSTON COLLEGIATE CHARTER (DISTRICT),2.50E+11,BOSTON COLLEGIATE CHARTER SCHOOL,public & charter,12,5,12-May,charter,2019,1,1,1,MA,Massachusetts,Yes,1.714285714,32.28571429,0.285714286,18,0,2.714285714,44,Urban,42.321694,-71.060821,693
3,Essex County,12-Sep,Yes,GREATER LAWRENCE REGIONAL VOCATIONAL TECHNICAL,2.51E+11,GR LAWRENCE REGIONAL VOCATIONAL TECHNICAL,public & charter,12,9,12-Sep,public,2019,0,1,0,MA,Massachusetts,Yes,3.142857143,2.285714286,0.428571429,189.2857143,0,0.142857143,32,Urban,42.690888,-71.194832,1591
8,Plymouth County,12-Sep,No,BROCKTON,2.50E+11,FREDERICK DOUGLASS ACADEMY,public & charter,12,9,12-Sep,public,2019,0,1,0,MA,Massachusetts,No,0,1.142857143,0,0.714285714,0,0.142857143,0.142857143,Urban,42.082438,-71.023534,15
3,Middlesex County,12-Sep,Yes,DRACUT,2.50E+11,DRACUT SENIOR HIGH,public & charter,12,9,12-Sep,public,2019,0,1,0,MA,Massachusetts,Yes,10,11.14285714,1.142857143,8.285714286,0,3,91.71428571,Urban,42.674583,-71.335956,877
4,Norfolk County,Mixed,Yes,FOXBOROUGH REGIONAL CHARTER (DISTRICT),2.50E+11,FOXBOROUGH REGIONAL CHARTER SCHOOL,public & charter,12,KG,KG - 12,charter,2019,1,1,1,MA,Massachusetts,Yes,24,117,0.714285714,12.85714286,0.571428571,12.14285714,69.57142857,Urban,42.057287,-71.244753,1658
2,Worcester County,12-Sep,Yes,LEICESTER,2.51E+11,LEICESTER HIGH,public & charter,12,9,12-Sep,public,2019,0,1,0,MA,Massachusetts,Yes,1.714285714,3.142857143,0.142857143,6.714285714,0.142857143,2.142857143,53,Urban,42.253225,-71.904959,471
9,Plymouth County,12-Sep,Yes,HANOVER,2.51E+11,HANOVER HIGH,public & charter,12,9,12-Sep,public,2019,0,1,0,MA,Massachusetts,Yes,3.142857143,0.857142857,0,1.285714286,0,0,104.5714286,Urban,42.130412,-70.869951,769
8,Norfolk County,Mixed,No,HOLBROOK,2.51E+11,HOLBROOK MIDDLE HIGH SCHOOL,public & charter,12,6,12-Jun,public,2019,0,1,1,MA,Massachusetts,No,5.428571429,21.14285714,0.428571429,12.42857143,0,6.857142857,43.57142857,Urban,42.149041,-71.005442,630
3,Worcester County,12-Sep,Yes,WINCHENDON,2.51E+11,MURDOCK HIGH SCHOOL,public & charter,12,9,12-Sep,public,2019,0,1,0,MA,Massachusetts,Yes,1.857142857,0.428571429,0.142857143,2.857142857,0,1,31,Rural,42.698999,-72.043654,261
4,Plymouth County,12-Sep,Yes,FREETOWN-LAKEVILLE,2.51E+11,APPONEQUET REGIONAL HIGH,public & charter,12,9,12-Sep,public,2019,0,1,0,MA,Massachusetts,Yes,1,1.142857143,0,2.428571429,0.285714286,1.142857143,98.57142857,Urban,41.792255,-70.983216,732
4,Bristol County,12-Sep,Yes,EASTON,2.50E+11,OLIVER AMES HIGH,public & charter,12,9,12-Sep,public,2019,0,1,0,MA,Massachusetts,Yes,5.428571429,11.71428571,0.428571429,7.857142857,0.142857143,4.857142857,128.7142857,Urban,42.05522,-71.111386,1114
3,Worcester County,Mixed,Yes,FITCHBURG,2.50E+11,FITCHBURG HIGH,public & charter,12,9,12-Sep,public,2019,1,1,0,MA,Massachusetts,Yes,10,13.28571429,0,86.28571429,0,13.57142857,51.28571429,Rural,42.62154,-71.80762,1221
1,Hampden County,12-Sep,Yes,WESTFIELD,2.51E+11,WESTFIELD TECHNICAL ACADEMY,public & charter,12,9,12-Sep,public,2019,0,1,0,MA,Massachusetts,Yes,1.142857143,1.142857143,0.142857143,8.714285714,0.142857143,1.571428571,68.28571429,Urban,42.124731,-72.761787,568
5,Middlesex County,12-Sep,Yes,ARLINGTON,2.50E+11,ARLINGTON HIGH,public & charter,12,9,12-Sep,public,2019,0,1,0,MA,Massachusetts,Yes,21,8.142857143,0,12,0.142857143,9.714285714,150,Urban,42.417977,-71.16177,1411
9,Barnstable County,12-Sep,Yes,STURGIS CHARTER PUBLIC (DISTRICT),2.50E+11,STURGIS CHARTER PUBLIC SCHOOL,public & charter,12,9,12-Sep,charter,2019,0,1,0,MA,Massachusetts,Yes,4.428571429,2.714285714,0.428571429,6.571428571,0,2.714285714,101.5714286,Urban,41.651764,-70.285117,832
3,Middlesex County,12-Sep,Yes,GREATER LOWELL REGIONAL VOCATIONAL TECHNICAL,2.51E+11,GR LOWELL REGIONAL VOCATIONAL TECHNICAL,public & charter,12,9,12-Sep,public,2019,0,1,0,MA,Massachusetts,Yes,52.71428571,13.71428571,0.714285714,114,0,8.571428571,133.8571429,Urban,42.653956,-71.385874,2271
7,Suffolk County,Mixed,Yes,EXCEL ACADEMY CHARTER (DISTRICT),2.50E+11,EXCEL ACADEMY CHARTER SCHOOL,public & charter,12,5,12-May,charter,2019,1,1,1,MA,Massachusetts,Yes,2,11.85714286,1.285714286,155.2857143,0.714285714,1.142857143,23.42857143,Urban,42.382943,-71.018958,1370
1,Hampden County,12-Sep,Yes,PATHFINDER REGIONAL VOCATIONAL TECHNICAL,2.51E+11,PATHFINDER VOCATIONAL TECHNICAL,public & charter,12,9,12-Sep,public,2019,0,1,0,MA,Massachusetts,Yes,0.285714286,1,0.142857143,4.142857143,0,2.714285714,80.71428571,Urban,42.186368,-72.35222,626
1,Hampden County,Mixed,No,SPRINGFIELD,2.51E+11,CONSERVATORY OF THE ARTS,public & charter,12,6,12-Jun,public,2019,0,1,1,MA,Massachusetts,No,0,6.857142857,0.142857143,33.28571429,0,1,5.857142857,Urban,42.105612,-72.580545,330
7,Suffolk County,12-Sep,No,BOSTON,2.50E+11,ANOTHER COURSE TO COLLEGE,public & charter,12,9,12-Sep,public,2019,0,1,0,MA,Massachusetts,No,0.285714286,16.28571429,0.142857143,13.14285714,0,0.428571429,2.857142857,Urban,42.265168,-71.117736,232
1,Berkshire County,Mixed,Yes,NORTH ADAMS,2.51E+11,DRURY HIGH,public & charter,12,7,12-Jul,public,2019,0,1,1,MA,Massachusetts,Yes,0.428571429,1.857142857,0.142857143,3.857142857,0.285714286,5.142857143,65.71428571,Urban,42.6698,-73.096031,542
4,Norfolk County,12-Sep,Yes,FOXBOROUGH,2.50E+11,FOXBOROUGH HIGH,public & charter,12,9,12-Sep,public,2019,0,1,0,MA,Massachusetts,Yes,3.285714286,7.571428571,0.571428571,6.285714286,0,2.142857143,93.42857143,Urban,42.054555,-71.250115,793
9,Plymouth County,12-Sep,Yes,DUXBURY,2.50E+11,DUXBURY HIGH,public & charter,12,9,12-Sep,public,2019,0,1,0,MA,Massachusetts,Yes,2,0.428571429,0.142857143,3,0,4.142857143,130.4285714,Urban,42.046683,-70.679012,981
2,Worcester County,12-Sep,Yes,MA ACADEMY FOR MATH AND SCIENCE,2.50E+11,MA ACADEMY FOR MATH AND SCIENCE SCHOOL,public & charter,12,11,12-Nov,public,2019,0,1,0,MA,Massachusetts,Yes,7.571428571,0.428571429,0,0.142857143,0,0.714285714,5.142857143,Urban,42.276103,-71.799826,99
4,Bristol County,Mixed,Yes,TAUNTON,2.51E+11,TAUNTON HIGH,public & charter,12,8,12-Aug,public,2019,0,1,1,MA,Massachusetts,Yes,6,72.14285714,0.857142857,49.85714286,0.714285714,16.14285714,235.4285714,Urban,41.901542,-71.071216,2669
2,Hampshire County,12-Sep,Yes,NORTHAMPTON,2.51E+11,NORTHAMPTON HIGH,public & charter,12,9,12-Sep,public,2019,0,1,0,MA,Massachusetts,Yes,3.857142857,3.142857143,0.285714286,16.57142857,0,6.714285714,94.85714286,Urban,42.325189,-72.650824,878
6,Essex County,12-Sep,Yes,DANVERS,2.50E+11,DANVERS HIGH,public & charter,12,9,12-Sep,public,2019,0,1,0,MA,Massachusetts,Yes,3.714285714,2.571428571,0,10.57142857,0,3.142857143,106.8571429,Urban,42.582671,-70.931744,889
6,Essex County,Mixed,Yes,LYNN,2.51E+11,LYNN VOCATIONAL TECHNICAL INSTITUTE,public & charter,12,PK,PK - 12,public,2019,1,1,1,MA,Massachusetts,Yes,0,0,0,0,0,0,0,Urban,42.45955,-70.954842,1451
4,Norfolk County,Mixed,Yes,BELLINGHAM,2.50E+11,BELLINGHAM HIGH SCHOOL,public & charter,12,8,12-Aug,public,2019,0,1,1,MA,Massachusetts,Yes,3.571428571,3.142857143,0.285714286,5.428571429,0,3.142857143,91,Urban,42.07498,-71.4691,746
5,Middlesex County,12-Sep,Yes,WINCHESTER,2.51E+11,WINCHESTER HIGH SCHOOL,public & charter,12,9,12-Sep,public,2019,0,1,0,MA,Massachusetts,Yes,38.28571429,3,0.571428571,7.857142857,0.285714286,7.285714286,145.1428571,Urban,42.456771,-71.1345,1418
6,Essex County,Mixed,Yes,LYNN,2.51E+11,FECTEAU-LEARY JUNIOR/SENIOR HIGH SCHOOL,public & charter,12,6,12-Jun,public,2019,0,1,1,MA,Massachusetts,Yes,0.857142857,1.857142857,0,8.571428571,0,1,4.285714286,Urban,42.464573,-70.95514,116
2,Worcester County,Mixed,Yes,WEST BOYLSTON,2.51E+11,WEST BOYLSTON JUNIOR/SENIOR HIGH,public & charter,12,6,12-Jun,public,2019,0,1,1,MA,Massachusetts,Yes,1.142857143,1.857142857,0.142857143,8.714285714,0,2.142857143,57.57142857,Urban,42.37347,-71.7909,501
7,Suffolk County,12-Sep,No,BOSTON,2.50E+11,FENWAY HIGH SCHOOL,public & charter,12,9,12-Sep,public,2019,0,1,0,MA,Massachusetts,No,1.142857143,17.28571429,0.142857143,34.28571429,0.142857143,1.142857143,2.428571429,Urban,42.330621,-71.099156,396
5,Middlesex County,12-Sep,Yes,MALDEN,2.51E+11,MALDEN HIGH,public & charter,12,9,12-Sep,public,2019,0,1,0,MA,Massachusetts,Yes,59.42857143,55.42857143,0.857142857,70.57142857,0,6.571428571,60.28571429,Urban,42.42728,-71.06442,1773
8,Plymouth County,12-Sep,Yes,ABINGTON,2.50E+11,ABINGTON HIGH,public & charter,12,9,12-Sep,public,2019,0,1,0,MA,Massachusetts,Yes,2.428571429,4,0,7.714285714,0,1.142857143,69.42857143,Urban,42.119058,-70.954519,593
2,Franklin County,Mixed,Yes,GREENFIELD COMMONWEALTH VIRTUAL DISTRICT,2.50E+11,GREENFIELD COMMONWEALTH VIRTUAL SCHOOL,public & charter,12,KG,KG - 12,public,2019,1,1,1,MA,Massachusetts,Yes,4.714285714,8.142857143,0.142857143,17.57142857,0.142857143,8.142857143,55.28571429,Rural,42.58823,-72.602291,663
3,,12-Sep,No,PHOENIX ACADEMY PUBLIC CHARTER HIGH SCHOOL LAWRENCE (DISTRIC,2.50E+11,PHOENIX ACADEMY PUBLIC CHARTER HIGH SCHOOL LAWRENCE,public & charter,12,9,12-Sep,charter,2019,0,1,0,MA,Massachusetts,No,0,0,0,17.14285714,0,0,0.571428571,Urban,42.709068,-71.153231,124
4,Worcester County,12-Sep,Yes,MILFORD,2.51E+11,MILFORD HIGH,public & charter,12,9,12-Sep,public,2019,0,1,0,MA,Massachusetts,Yes,3.857142857,5.142857143,2.857142857,53.14285714,0,6.571428571,109,Urban,42.148593,-71.535559,1266
3,Essex County,12-Sep,Yes,WHITTIER REGIONAL VOCATIONAL TECHNICAL,2.51E+11,WHITTIER REGIONAL VOCATIONAL,public & charter,12,9,12-Sep,public,2019,0,1,0,MA,Massachusetts,Yes,2.285714286,4.428571429,0.857142857,42.71428571,0,5,123.5714286,Rural,42.809858,-71.023574,1254
8,Plymouth County,12-Sep,Yes,BROCKTON,2.50E+11,BROCKTON HIGH,public & charter,12,9,12-Sep,public,2019,0,1,0,MA,Massachusetts,Yes,14,368.8571429,2.285714286,84.42857143,1.285714286,21.85714286,89.71428571,Urban,42.067248,-71.044101,4077
2,Worcester County,12-Sep,Yes,WESTBOROUGH,2.51E+11,WESTBOROUGH HIGH,public & charter,12,9,12-Sep,public,2019,0,1,0,MA,Massachusetts,Yes,44.28571429,2.571428571,0.142857143,11.42857143,0.142857143,5.714285714,99.42857143,Urban,42.263561,-71.617255,1147
7,Suffolk County,Mixed,Yes,BOSTON,2.50E+11,TECHBOSTON ACADEMY,public & charter,12,6,12-Jun,public,2019,0,1,1,MA,Massachusetts,Yes,3.428571429,79.57142857,0.428571429,37,0,3.571428571,3.285714286,Urban,42.285248,-71.075837,891
2,Worcester County,12-Sep,Yes,SHREWSBURY,2.51E+11,SHREWSBURY SR HIGH,public & charter,12,9,12-Sep,public,2019,0,1,0,MA,Massachusetts,Yes,70.85714286,8,1,22.85714286,0,8.714285714,157.5714286,Urban,42.30331,-71.74513,1885
2,Hampshire County,Mixed,Yes,HADLEY,2.51E+11,HOPKINS ACADEMY,public & charter,12,7,12-Jul,public,2019,0,1,1,MA,Massachusetts,Yes,2,0.857142857,0.142857143,3.571428571,1.142857143,1.142857143,26.71428571,Urban,42.341285,-72.591522,249
8,Plymouth County,Mixed,Yes,EAST BRIDGEWATER,2.50E+11,EAST BRIDGEWATER JR./SR. HIGH SCHOOL,public & charter,12,7,12-Jul,public,2019,0,1,1,MA,Massachusetts,Yes,0.857142857,4,0.571428571,2.714285714,0.142857143,2.857142857,133,Urban,42.027304,-70.957022,1009
1,Hampden County,Mixed,Yes,SOUTHWICK-TOLLAND-GRANVILLE REGIONAL SCHOOL DISTRICT,2.50E+11,SOUTHWICK REGIONAL SCHOOL,public & charter,12,7,12-Jul,public,2019,0,1,1,MA,Massachusetts,Yes,0.857142857,1.428571429,0.285714286,3.285714286,0,1.285714286,89.42857143,Rural,42.060569,-72.747146,676
4,Norfolk County,12-Sep,Yes,FRANKLIN,2.51E+11,FRANKLIN HIGH,public & charter,12,9,12-Sep,public,2019,0,1,0,MA,Massachusetts,Yes,16.28571429,3.285714286,0.428571429,7.857142857,0.857142857,5.857142857,215.1428571,Urban,42.093678,-71.409312,1750
9,Plymouth County,12-Sep,Yes,OLD ROCHESTER,2.51E+11,OLD ROCHESTER REGIONAL HIGH,public & charter,12,9,12-Sep,public,2019,0,1,0,MA,Massachusetts,Yes,1.571428571,2.714285714,0.142857143,2.285714286,0,4.142857143,96.14285714,Rural,41.673321,-70.778101,749
2,Worcester County,12-Sep,No,BLACKSTONE VALLEY REGIONAL VOCATIONAL TECHNICAL,2.50E+11,BLACKSTONE VALLEY,public & charter,12,9,12-Sep,public,2019,0,1,0,MA,Massachusetts,No,2.857142857,1.714285714,0,10.71428571,0.142857143,3.571428571,155.5714286,Urban,42.163203,-71.616213,1224
9,Plymouth County,Mixed,Yes,ROCKLAND,2.51E+11,ROCKLAND SENIOR HIGH,public & charter,12,9,12-Sep,public,2019,1,1,0,MA,Massachusetts,Yes,0.857142857,4.285714286,0,13.14285714,0,4.142857143,71.28571429,Urban,42.128633,-70.917479,656
6,Essex County,12-Sep,Yes,ROCKPORT,2.51E+11,ROCKPORT HIGH,public & charter,12,9,12-Sep,public,2019,0,1,0,MA,Massachusetts,Yes,0.571428571,0.571428571,0,1,0,0.142857143,35.14285714,Urban,42.652237,-70.609251,262
7,Suffolk County,12-Sep,Yes,REVERE,2.51E+11,REVERE HIGH,public & charter,12,9,12-Sep,public,2019,0,1,0,MA,Massachusetts,Yes,16,10.42857143,2,165.8571429,0.142857143,5.714285714,87.85714286,Urban,42.412004,-71.0089,2019
4,Bristol County,12-Sep,Yes,FALL RIVER,2.50E+11,B M C DURFEE HIGH,public & charter,12,9,12-Sep,public,2019,0,1,0,MA,Massachusetts,Yes,16.28571429,27.28571429,0.714285714,83.57142857,0.142857143,15.28571429,163.2857143,Urban,41.714778,-71.132073,2147
3,Worcester County,12-Sep,Yes,GARDNER,2.51E+11,GARDNER ACADEMY FOR LEARNING AND TECHNOLOGY,public & charter,12,9,12-Sep,public,2019,0,1,0,MA,Massachusetts,Yes,0.142857143,0.428571429,0,2.142857143,0,0.428571429,14.85714286,Urban,42.576145,-71.982898,126
7,Middlesex County,Mixed,Yes,COMMUNITY CHARTER SCHOOL OF CAMBRIDGE (DISTRICT),2.50E+11,COMMUNITY CHARTER SCHOOL OF CAMBRIDGE,public & charter,12,6,12-Jun,charter,2019,0,1,1,MA,Massachusetts,Yes,1.714285714,32.71428571,0.285714286,7.857142857,0.142857143,1.857142857,2,Urban,42.367725,-71.085231,326
1,Berkshire County,12-Sep,Yes,BERKSHIRE HILLS,2.50E+11,MONUMENT MT REGIONAL HIGH,public & charter,12,9,12-Sep,public,2019,0,1,0,MA,Massachusetts,Yes,1.571428571,0.571428571,0.142857143,7.142857143,0.428571429,1.857142857,60.85714286,Rural,42.249292,-73.328342,508
4,Norfolk County,12-Sep,Yes,TRI-COUNTY REGIONAL VOCATIONAL TECHNICAL,2.51E+11,TRI-COUNTY REGIONAL VOCATIONAL TECHNICAL,public & charter,12,9,12-Sep,public,2019,0,1,0,MA,Massachusetts,Yes,1.285714286,1.428571429,0.428571429,9.142857143,0.142857143,6,119.7142857,Urban,42.095072,-71.421425,969
6,Essex County,12-Sep,Yes,LYNN,2.51E+11,CLASSICAL HIGH,public & charter,12,9,12-Sep,public,2019,0,1,0,MA,Massachusetts,Yes,24,21,1.142857143,155.2857143,0,6.714285714,46.57142857,Urban,42.46551,-70.984968,1783
6,Middlesex County,12-Sep,Yes,BEDFORD,2.50E+11,BEDFORD HIGH,public & charter,12,9,12-Sep,public,2019,0,1,0,MA,Massachusetts,Yes,17,9,0.142857143,11.57142857,0.142857143,5.142857143,77.14285714,Urban,42.491402,-71.285535,841
9,Plymouth County,Mixed,Yes,WAREHAM,2.51E+11,WAREHAM SENIOR HIGH,public & charter,12,8,12-Aug,public,2019,0,1,1,MA,Massachusetts,Yes,1.142857143,8.428571429,1.285714286,6.571428571,0,10.28571429,59.71428571,Urban,41.755448,-70.719578,613
4,Bristol County,12-Sep,No,ATTLEBORO,2.50E+11,ATTLEBORO COMMUNITY ACADEMY,public & charter,12,9,12-Sep,public,2019,0,1,0,MA,Massachusetts,No,0.142857143,0.571428571,0.142857143,0.857142857,0,0.571428571,5.285714286,Urban,41.938602,-71.301419,53
3,Middlesex County,12-Sep,Yes,LITTLETON,2.51E+11,LITTLETON HIGH SCHOOL,public & charter,12,9,12-Sep,public,2019,0,1,0,MA,Massachusetts,Yes,5.285714286,0.142857143,0.285714286,2,0,2.428571429,52.57142857,Urban,42.541428,-71.507586,440
3,Middlesex County,12-Sep,Yes,NORTH MIDDLESEX,2.51E+11,NORTH MIDDLESEX REGIONAL,public & charter,12,9,12-Sep,public,2019,0,1,0,MA,Massachusetts,Yes,1.571428571,1.142857143,0.285714286,5.714285714,0.142857143,4.285714286,103.5714286,Urban,42.651989,-71.662254,817
5,Middlesex County,Mixed,No,MYSTIC VALLEY REGIONAL CHARTER (DISTRICT),2.50E+11,MYSTIC VALLEY REGIONAL CHARTER SCHOOL,public & charter,12,KG,KG - 12,charter,2019,1,1,1,MA,Massachusetts,No,52.28571429,40.57142857,0.714285714,21.57142857,0,10.42857143,103.5714286,Urban,42.434412,-71.044001,1604
9,Nantucket County,12-Sep,Yes,NANTUCKET,2.51E+11,NANTUCKET HIGH,public & charter,12,9,12-Sep,public,2019,0,1,0,MA,Massachusetts,Yes,1.142857143,9.285714286,0.428571429,20.14285714,0,3.714285714,41,Rural,41.27345,-70.098561,533
1,Hampden County,12-Sep,No,PHOENIX ACADEMY PUBLIC CHARTER HIGH SCHOOL SPRINGFIELD (DIST,2.50E+11,PHOENIX ACADEMY PUBLIC CHARTER HIGH SCHOOL SPRINGFIELD,public & charter,12,9,12-Sep,charter,2019,0,1,0,MA,Massachusetts,No,0.142857143,3.428571429,0.285714286,20.57142857,0,0.571428571,1.857142857,Urban,42.110836,-72.576045,188
1,Hampden County,12-Sep,Yes,WESTFIELD,2.51E+11,WESTFIELD HIGH,public & charter,12,9,12-Sep,public,2019,0,1,0,MA,Massachusetts,Yes,5.428571429,3.857142857,0.285714286,25.42857143,0,4.142857143,129.7142857,Urban,42.147333,-72.753434,1184
7,Suffolk County,12-Sep,Yes,CHELSEA,2.50E+11,CHELSEA HIGH,public & charter,12,9,12-Sep,public,2019,0,1,0,MA,Massachusetts,Yes,0.571428571,8.714285714,0.285714286,178.2857143,0.142857143,3.285714286,9,Urban,42.400085,-71.039951,1402
2,Worcester County,Mixed,Yes,BERLIN-BOYLSTON,2.50E+11,TAHANTO REGIONAL HIGH,public & charter,12,6,12-Jun,public,2019,0,1,1,MA,Massachusetts,Yes,3.428571429,2.285714286,0.142857143,3.571428571,0.285714286,2.142857143,68.71428571,Rural,42.372469,-71.719192,565
8,Norfolk County,12-Sep,Yes,WEYMOUTH,2.51E+11,WEYMOUTH HIGH SCHOOL,public & charter,12,9,12-Sep,public,2019,0,1,0,MA,Massachusetts,Yes,13,15.14285714,0.428571429,23.42857143,0.285714286,9.857142857,198.7142857,Urban,42.182452,-70.94268,1830
2,Worcester County,12-Sep,Yes,WEBSTER,2.51E+11,BARTLETT HIGH SCHOOL,public & charter,12,9,12-Sep,public,2019,0,1,0,MA,Massachusetts,Yes,1.571428571,4.714285714,0.142857143,17.28571429,0.142857143,4.142857143,33.57142857,Urban,42.042365,-71.870323,432
7,Suffolk County,12-Sep,No,BOSTON,2.50E+11,GREATER EGLESTON COMMUNITY HIGH SCHOOL,public & charter,12,9,12-Sep,public,2019,0,1,0,MA,Massachusetts,No,0.142857143,7.142857143,0.142857143,5.857142857,0,0.857142857,0.142857143,Urban,42.314052,-71.099189,100
8,Norfolk County,12-Sep,Yes,QUINCY,2.51E+11,NORTH QUINCY HIGH,public & charter,12,9,12-Sep,public,2019,0,1,0,MA,Massachusetts,Yes,100.4285714,6.428571429,0.285714286,7.428571429,0.142857143,3.571428571,62.14285714,Urban,42.277469,-71.029125,1264
7,Suffolk County,12-Sep,No,CHELSEA,2.50E+11,CHELSEA OPPORTUNITY ACADEMY,public & charter,12,9,12-Sep,public,2019,0,1,0,MA,Massachusetts,No,0,0.142857143,0,13.14285714,0,0.142857143,0.142857143,Urban,42.400085,-71.039951,95
2,Worcester County,12-Sep,Yes,BLACKSTONE-MILLVILLE,2.50E+11,BLACKSTONE MILLVILLE RHS,public & charter,12,9,12-Sep,public,2019,0,1,0,MA,Massachusetts,Yes,0.571428571,1,0,3.571428571,0,1.428571429,54.42857143,Urban,42.029986,-71.538207,427
9,Bristol County,12-Sep,Yes,NEW BEDFORD,2.51E+11,NEW BEDFORD HIGH,public & charter,12,9,12-Sep,public,2019,0,1,0,MA,Massachusetts,Yes,3.428571429,55.28571429,2.285714286,152.1428571,0.571428571,16.42857143,112.7142857,Urban,41.644291,-70.945822,2401
3,Worcester County,Mixed,Yes,GARDNER,2.51E+11,GARDNER HIGH,public & charter,12,8,12-Aug,public,2019,0,1,1,MA,Massachusetts,Yes,2.428571429,3.285714286,0.285714286,20.85714286,0,5.571428571,66,Urban,42.58351,-71.97929,689
1,Worcester County,12-Sep,Yes,SOUTHERN WORCESTER COUNTY REGIONAL VOCATIONAL TECHNICAL,2.51E+11,BAY PATH REGIONAL VOCATIONAL TECHNICAL HIGH SCHOOL,public & charter,12,9,12-Sep,public,2019,0,1,0,MA,Massachusetts,Yes,1,1.571428571,0.285714286,17.57142857,0,1.857142857,141.2857143,Rural,42.13379,-71.95724,1145
6,Essex County,12-Sep,Yes,LAWRENCE,2.51E+11,LAWRENCE HIGH SCHOOL,public & charter,12,9,12-Sep,public,2019,0,1,0,MA,Massachusetts,Yes,7.428571429,5.142857143,0,444.2857143,0,1,13.42857143,Urban,42.69013,-71.145571,3321
7,Suffolk County,12-Sep,Yes,REVERE,2.51E+11,SEACOAST SCHOOL,public & charter,12,9,12-Sep,public,2019,0,1,0,MA,Massachusetts,Yes,0,0.285714286,0,5.714285714,0,0.142857143,3.142857143,Urban,42.39502,-70.99232,65
1,Worcester County,12-Sep,Yes,QUABOAG REGIONAL,2.51E+11,QUABOAG REGIONAL HIGH,public & charter,12,9,12-Sep,public,2019,0,1,0,MA,Massachusetts,Yes,0.142857143,0.142857143,0,3.571428571,0,1.571428571,44.42857143,Rural,42.220584,-72.188142,350
9,Barnstable County,12-Sep,Yes,CAPE COD REGIONAL VOCATIONAL TECHNICAL,2.50E+11,CAPE COD REGION VOCATIONAL TECHNICAL,public & charter,12,9,12-Sep,public,2019,0,1,0,MA,Massachusetts,Yes,0.428571429,7.857142857,1.142857143,12,0.142857143,4.285714286,62,Urban,41.71076,-70.075728,616
2,Worcester County,12-Sep,Yes,WACHUSETT,2.51E+11,WACHUSETT REGIONAL HIGH,public & charter,12,9,12-Sep,public,2019,0,1,0,MA,Massachusetts,Yes,10,6,0.285714286,14.71428571,0,6.428571429,254.5714286,Rural,42.353139,-71.874454,2045
9,Bristol County,12-Sep,Yes,GREATER NEW BEDFORD REGIONAL VOCATIONAL TECHNICAL,2.51E+11,GR NEW BEDFORD VOCATIONAL TECHNICAL,public & charter,12,9,12-Sep,public,2019,0,1,0,MA,Massachusetts,Yes,3.285714286,25.71428571,0.714285714,72.71428571,0.142857143,16.28571429,184.5714286,Urban,41.690725,-70.937378,2124
7,Suffolk County,12-Sep,Yes,BOSTON,2.50E+11,BRIGHTON HIGH,public & charter,12,9,12-Sep,public,2019,0,1,0,MA,Massachusetts,Yes,3.142857143,27.28571429,0.285714286,40.14285714,0.428571429,1.428571429,3.714285714,Urban,42.349019,-71.14557,535
4,Norfolk County,12-Sep,Yes,WELLESLEY,2.51E+11,WELLESLEY SR HIGH,public & charter,12,9,12-Sep,public,2019,0,1,0,MA,Massachusetts,Yes,26.85714286,8.428571429,0,9.428571429,0,11.42857143,158.5714286,Urban,42.302013,-71.279324,1504
2,Franklin County,12-Sep,Yes,GILL-MONTAGUE,2.51E+11,TURNERS FALL HIGH,public & charter,12,9,12-Sep,public,2019,0,1,0,MA,Massachusetts,Yes,0.142857143,0.571428571,0.142857143,3.428571429,0,1.142857143,22.85714286,Rural,42.587467,-72.542768,198
6,Essex County,12-Sep,Yes,PENTUCKET,2.51E+11,PENTUCKET REGIONAL SR HIGH,public & charter,12,9,12-Sep,public,2019,0,1,0,MA,Massachusetts,Yes,2.428571429,0.857142857,0,3.428571429,0,1.285714286,98.14285714,Urban,42.782969,-71.012992,743
2,Hampshire County,Mixed,Yes,WARE,2.51E+11,WARE JUNIOR/SENIOR HIGH SCHOOL,public & charter,12,7,12-Jul,public,2019,0,1,1,MA,Massachusetts,Yes,0.571428571,1.428571429,0.142857143,3.285714286,0.285714286,3,58.14285714,Rural,42.250131,-72.263203,468
2,Worcester County,12-Sep,Yes,UXBRIDGE,2.51E+11,GATEWAY TO COLLEGE,public & charter,12,10,12-Oct,public,2019,0,1,0,MA,Massachusetts,Yes,0.285714286,0,0.142857143,0.428571429,0.142857143,0.285714286,3.857142857,Rural,42.051153,-71.618045,36
4,Norfolk County,12-Sep,Yes,DOVER-SHERBORN,2.50E+11,DOVER-SHERBORN REGIONAL HIGH,public & charter,12,9,12-Sep,public,2019,0,1,0,MA,Massachusetts,Yes,7.714285714,2.857142857,0.285714286,4.285714286,0,4.428571429,77.42857143,Rural,42.218272,-71.325009,680
2,Worcester County,Mixed,Yes,NORTH BROOKFIELD,2.51E+11,NORTH BROOKFIELD HIGH,public & charter,12,7,12-Jul,public,2019,0,1,1,MA,Massachusetts,Yes,0.428571429,0,0,2,0,1.571428571,28.57142857,Rural,42.277207,-72.07855,228
6,Middlesex County,12-Sep,Yes,TEWKSBURY,2.51E+11,TEWKSBURY MEMORIAL HIGH,public & charter,12,9,12-Sep,public,2019,0,1,0,MA,Massachusetts,Yes,4.714285714,3.857142857,0.142857143,5.428571429,0,1,107.1428571,Urban,42.601731,-71.242414,857
3,Middlesex County,Mixed,Yes,HUDSON,2.51E+11,HUDSON HIGH,public & charter,12,8,12-Aug,public,2019,0,1,1,MA,Massachusetts,Yes,1.857142857,2.571428571,0.285714286,15.71428571,0.142857143,2.285714286,105.4285714,Urban,42.380377,-71.58054,898
5,Middlesex County,12-Sep,Yes,EVERETT,2.50E+11,EVERETT HIGH,public & charter,12,9,12-Sep,public,2019,0,1,0,MA,Massachusetts,Yes,13.71428571,56,1.285714286,150.4285714,0.285714286,4.428571429,59.14285714,Urban,42.414655,-71.044013,1997
6,Middlesex County,12-Sep,No,SHAWSHEEN VALLEY REGIONAL VOCATIONAL TECHNICAL,2.51E+11,SHAWSHEEN VALLEY VOCATIONAL TECHNICAL HIGH SCHOOL,public & charter,12,9,12-Sep,public,2019,0,1,0,MA,Massachusetts,No,1.571428571,1.857142857,0.285714286,9.571428571,0,3.285714286,164.1428571,Urban,42.547624,-71.217926,1265
6,Essex County,12-Sep,Yes,HAMILTON-WENHAM,2.51E+11,HAMILTON-WENHAM REGIONAL HIGH,public & charter,12,9,12-Sep,public,2019,0,1,0,MA,Massachusetts,Yes,3.142857143,0.571428571,0,3.571428571,0,1.857142857,69.57142857,Rural,42.62864,-70.84889,551
3,Worcester County,12-Sep,No,FITCHBURG,2.50E+11,GOODRICH ACADEMY,public & charter,12,9,12-Sep,public,2019,0,1,0,MA,Massachusetts,No,0.285714286,1.571428571,0,12.42857143,0,1.285714286,12.57142857,Urban,42.57817,-71.78166,197
1,Berkshire County,Mixed,Yes,BERKSHIRE ARTS AND TECHNOLOGY CHARTER PUBLIC (DISTRICT),2.50E+11,BERKSHIRE ARTS AND TECHNOLOGY CHARTER PUBLIC SCHOOL,public & charter,12,6,12-Jun,charter,2019,0,1,1,MA,Massachusetts,Yes,1.428571429,6.285714286,0.142857143,5.571428571,0,2.571428571,37,Urban,42.619554,-73.12117,372
6,Essex County,12-Sep,Yes,BEVERLY,2.50E+11,BEVERLY HIGH,public & charter,12,9,12-Sep,public,2019,0,1,0,MA,Massachusetts,Yes,4.571428571,6.571428571,0.142857143,25.14285714,0.142857143,6.428571429,144.1428571,Urban,42.564783,-70.8812,1312
9,Bristol County,Mixed,Yes,NEW BEDFORD,2.51E+11,WHALING CITY JUNIOR/SENIOR HIGH SCHOOL,public & charter,12,6,12-Jun,public,2019,0,1,1,MA,Massachusetts,Yes,0.142857143,4.285714286,0.142857143,7.428571429,0,1.142857143,4.857142857,Urban,41.634822,-70.930568,126
9,Plymouth County,12-Sep,Yes,PLYMOUTH,2.51E+11,PLYMOUTH SOUTH HIGH,public & charter,12,9,12-Sep,public,2019,0,1,0,MA,Massachusetts,Yes,1.571428571,1.714285714,0.428571429,4.857142857,0,5.142857143,136,Urban,41.882533,-70.616495,1048
2,Worcester County,12-Sep,Yes,NORTHBRIDGE,2.51E+11,NORTHBRIDGE HIGH,public & charter,12,9,12-Sep,public,2019,0,1,0,MA,Massachusetts,Yes,0.857142857,0.714285714,0,4.857142857,0.142857143,2.857142857,67.14285714,Urban,42.105199,-71.649887,536
9,Plymouth County,12-Sep,Yes,WHITMAN-HANSON,2.51E+11,WHITMAN HANSON REGIONAL,public & charter,12,9,12-Sep,public,2019,0,1,0,MA,Massachusetts,Yes,1.857142857,5.285714286,1,6.857142857,0.428571429,3.714285714,146.2857143,Rural,42.073111,-70.904522,1158
8,Norfolk County,Mixed,Yes,BRAINTREE,2.50E+11,BRAINTREE HIGH,public & charter,12,9,12-Sep,public,2019,1,1,0,MA,Massachusetts,Yes,50.71428571,12.28571429,0,11.71428571,0.428571429,4.428571429,181.4285714,Urban,42.204115,-71.019776,1828
3,Worcester County,12-Sep,Yes,MONTACHUSETT REGIONAL VOCATIONAL TECHNICAL,2.51E+11,MONTACHUSETT REGIONAL VOCATIONAL TECHNICAL,public & charter,12,9,12-Sep,public,2019,0,1,0,MA,Massachusetts,Yes,3.714285714,3.857142857,0,34.57142857,0,7.285714286,154,Urban,42.560791,-71.860758,1430
2,Franklin County,12-Sep,Yes,FRANKLIN COUNTY REGIONAL VOCATIONAL TECHNICAL,2.51E+11,FRANKLIN COUNTY TECHNICAL,public & charter,12,9,12-Sep,public,2019,0,1,0,MA,Massachusetts,Yes,0,0.571428571,0,3.428571429,0,1.428571429,66.71428571,Rural,42.597511,-72.521462,505
8,Norfolk County,12-Sep,Yes,COHASSET,2.50E+11,COHASSET HIGH SCHOOL,public & charter,12,9,12-Sep,public,2019,0,1,0,MA,Massachusetts,Yes,2.714285714,1.857142857,0.285714286,1.142857143,0,0.571428571,60.42857143,Urban,42.232307,-70.809113,469
8,Norfolk County,12-Sep,Yes,WESTWOOD,2.51E+11,WESTWOOD HIGH,public & charter,12,9,12-Sep,public,2019,0,1,0,MA,Massachusetts,Yes,14.28571429,5.285714286,0,4.857142857,0,3,114.5714286,Urban,42.217111,-71.216732,994
4,Norfolk County,12-Sep,Yes,KING PHILIP,2.51E+11,KING PHILIP REGIONAL HIGH,public & charter,12,9,12-Sep,public,2019,0,1,0,MA,Massachusetts,Yes,4.428571429,3.714285714,0.142857143,4.571428571,0.142857143,4.714285714,160,Urban,42.072223,-71.332586,1244
7,Suffolk County,Mixed,No,ROXBURY PREPARATORY CHARTER (DISTRICT),2.50E+11,ROXBURY PREPARATORY CHARTER SCHOOL,public & charter,12,5,12-May,charter,2019,1,1,1,MA,Massachusetts,No,1.571428571,129.2857143,0.714285714,87.71428571,0.857142857,1,2.857142857,Urban,42.327624,-71.105146,1568
7,Suffolk County,Mixed,Yes,ACADEMY OF THE PACIFIC RIM CHARTER PUBLIC (DISTRICT),2.50E+11,ACADEMY OF THE PACIFIC RIM CHARTER PUBLIC SCHOOL,public & charter,12,5,12-May,charter,2019,1,1,1,MA,Massachusetts,Yes,0.857142857,45.42857143,0,21.57142857,0,1.142857143,6.285714286,Urban,42.244384,-71.132363,527
9,Plymouth County,Mixed,Yes,CARVER,2.50E+11,CARVER MIDDLE/HIGH SCHOOL,public & charter,12,6,12-Jun,public,2019,0,1,1,MA,Massachusetts,Yes,0.428571429,1.285714286,0.571428571,1.428571429,0.142857143,1.142857143,104,Urban,41.893506,-70.755686,763
8,Norfolk County,12-Sep,Yes,BLUE HILLS REGIONAL VOCATIONAL TECHNICAL,2.50E+11,BLUE HILLS REGIONAL VOCATIONAL TECHNICAL,public & charter,12,9,12-Sep,public,2019,0,1,0,MA,Massachusetts,Yes,2.142857143,25.85714286,0.571428571,18.28571429,0.142857143,6.857142857,68.42857143,Urban,42.182367,-71.104451,856
5,Middlesex County,12-Sep,Yes,LEXINGTON,2.51E+11,LEXINGTON HIGH,public & charter,12,9,12-Sep,public,2019,0,1,0,MA,Massachusetts,Yes,133.2857143,11,0.285714286,12.71428571,0,18.28571429,149.1428571,Urban,42.443114,-71.233082,2275
2,Franklin County,Mixed,No,FOUR RIVERS CHARTER PUBLIC (DISTRICT),2.50E+11,FOUR RIVERS CHARTER PUBLIC SCHOOL,public & charter,12,7,12-Jul,charter,2019,0,1,1,MA,Massachusetts,No,0.714285714,0.142857143,0.285714286,2.142857143,0,1.714285714,25.85714286,Rural,42.59655,-72.621777,217
2,Worcester County,12-Sep,Yes,SUTTON,2.51E+11,SUTTON HIGH SCHOOL,public & charter,12,9,12-Sep,public,2019,0,1,0,MA,Massachusetts,Yes,0.571428571,0.857142857,0,1.857142857,0,2.428571429,47.85714286,Rural,42.144133,-71.770594,375
3,Essex County,12-Sep,Yes,HAVERHILL,2.51E+11,HAVERHILL HIGH,public & charter,12,9,12-Sep,public,2019,0,1,0,MA,Massachusetts,Yes,4.571428571,13,0.142857143,90.85714286,0.428571429,3.142857143,149.5714286,Urban,42.78729,-71.107005,1832
8,Norfolk County,Mixed,No,TEC CONNECTIONS ACADEMY COMMONWEALTH VIRTUAL SCHOOL DISTRICT,2.50E+11,TEC CONNECTIONS ACADEMY COMMONWEALTH VIRTUAL SCHOOL,public & charter,12,KG,KG - 12,public,2019,1,1,1,MA,Massachusetts,No,8.285714286,24,0.571428571,54.14285714,1.142857143,21.85714286,201.8571429,Urban,42.164095,-71.220644,2183
7,Suffolk County,12-Sep,Yes,EDWARD M. KENNEDY ACADEMY FOR HEALTH CAREERS (HORACE MANN CH,2.50E+11,EDWARD M. KENNEDY ACADEMY FOR HEALTH CAREERS (HORACE MANN CH,public & charter,12,9,12-Sep,charter,2019,0,1,0,MA,Massachusetts,Yes,0.428571429,21.42857143,0.142857143,31.57142857,0,0.714285714,1.142857143,Urban,42.341482,-71.091491,388
5,Middlesex County,12-Sep,Yes,LINCOLN-SUDBURY,2.51E+11,LINCOLN-SUDBURY REGIONAL HIGH,public & charter,12,9,12-Sep,public,2019,0,1,0,MA,Massachusetts,Yes,11.14285714,11,0.142857143,10.42857143,0,13.57142857,169.7142857,Rural,42.3982,-71.400657,1512
2,Worcester County,12-Sep,Yes,DOUGLAS,2.50E+11,DOUGLAS HIGH SCHOOL,public & charter,12,9,12-Sep,public,2019,0,1,0,MA,Massachusetts,Yes,1,0.714285714,0,2.428571429,0.428571429,0.857142857,46.85714286,Urban,42.06759,-71.69996,366
5,Middlesex County,12-Sep,Yes,ASHLAND,2.50E+11,ASHLAND HIGH,public & charter,12,9,12-Sep,public,2019,0,1,0,MA,Massachusetts,Yes,15.57142857,3.571428571,0.571428571,14.14285714,0,2.857142857,81,Urban,42.262805,-71.446098,825
8,Norfolk County,12-Sep,No,NORFOLK COUNTY AGRICULTURAL,2.51E+11,NORFOLK COUNTY AGRICULTURAL,public & charter,12,9,12-Sep,public,2019,0,1,0,MA,Massachusetts,No,1.142857143,1,0.142857143,1.571428571,0.285714286,3.428571429,71.14285714,Urban,42.163593,-71.238064,551
2,Worcester County,Mixed,Yes,OXFORD,2.51E+11,OXFORD HIGH,public & charter,12,8,12-Aug,public,2019,0,1,1,MA,Massachusetts,Yes,1.571428571,1.571428571,0.142857143,9,0.285714286,3.428571429,60.71428571,Urban,42.13696,-71.872075,538
6,Essex County,Mixed,Yes,SALEM ACADEMY CHARTER (DISTRICT),2.50E+11,SALEM ACADEMY CHARTER SCHOOL,public & charter,12,6,12-Jun,charter,2019,0,1,1,MA,Massachusetts,Yes,4,7.142857143,0,30.28571429,0,1.428571429,27.71428571,Urban,42.517675,-70.887931,495
7,Suffolk County,Mixed,Yes,BOSTON,2.50E+11,NEW MISSION HIGH SCHOOL,public & charter,12,7,12-Jul,public,2019,0,1,1,MA,Massachusetts,Yes,1.142857143,32.71428571,0.142857143,27.71428571,0,0.857142857,1.285714286,Urban,42.262966,-71.117887,447
8,Plymouth County,Mixed,Yes,WEST BRIDGEWATER,2.51E+11,WEST BRIDGEWATER JUNIOR/SENIOR,public & charter,12,7,12-Jul,public,2019,0,1,1,MA,Massachusetts,Yes,1.142857143,5.285714286,0.285714286,4,0,2.714285714,76.71428571,Urban,42.020267,-71.01689,631
4,Bristol County,12-Sep,Yes,NORTH ATTLEBOROUGH,2.51E+11,NORTH ATTLEBORO HIGH,public & charter,12,9,12-Sep,public,2019,0,1,0,MA,Massachusetts,Yes,10.85714286,7.142857143,0.428571429,7.285714286,0.285714286,4.571428571,127.1428571,Urban,41.982172,-71.310145,1106
3,Middlesex County,12-Sep,Yes,AYER SHIRLEY SCHOOL DISTRICT,2.50E+11,AYER SHIRLEY REGIONAL HIGH SCHOOL,public & charter,12,9,12-Sep,public,2019,0,1,0,MA,Massachusetts,Yes,0.857142857,2.714285714,1,5.714285714,0.142857143,4,39,Urban,42.567041,-71.57599,374
3,Middlesex County,12-Sep,No,LOWELL MIDDLESEX ACADEMY CHARTER (DISTRICT),2.50E+11,LOWELL MIDDLESEX ACADEMY CHARTER SCHOOL,public & charter,12,9,12-Sep,charter,2019,0,1,0,MA,Massachusetts,No,2.142857143,0.428571429,0,4.428571429,0,1.285714286,3.857142857,Urban,42.645201,-71.309739,85
1,Hampden County,12-Sep,Yes,EAST LONGMEADOW,2.50E+11,EAST LONGMEADOW HIGH,public & charter,12,9,12-Sep,public,2019,0,1,0,MA,Massachusetts,Yes,7.428571429,3.571428571,0.285714286,8.857142857,0.142857143,1.142857143,97.57142857,Urban,42.058578,-72.525007,834
1,Worcester County,12-Sep,Yes,TANTASQUA,2.51E+11,TANTASQUA REGIONAL VOCATIONAL,public & charter,12,9,12-Sep,public,2019,0,1,0,MA,Massachusetts,Yes,0.142857143,0.142857143,0.142857143,3.857142857,0.142857143,2.142857143,63.57142857,Rural,42.160419,-72.131885,491
2,Worcester County,12-Sep,Yes,WORCESTER,2.51E+11,BURNCOAT SENIOR HIGH,public & charter,12,9,12-Sep,public,2019,0,1,0,MA,Massachusetts,Yes,5.714285714,29.57142857,0.142857143,67.28571429,0,7.285714286,48.71428571,Urban,42.297911,-71.788743,1111
7,Suffolk County,12-Sep,No,BOSTON,2.50E+11,SNOWDEN INTERNATIONAL SCHOOL AT COPLEY,public & charter,12,9,12-Sep,public,2019,0,1,0,MA,Massachusetts,No,4.142857143,23.14285714,0.285714286,35.42857143,0,1.571428571,3.142857143,Urban,42.350586,-71.077915,474
4,Middlesex County,12-Sep,Yes,NEWTON,2.51E+11,NEWTON NORTH HIGH,public & charter,12,9,12-Sep,public,2019,0,1,0,MA,Massachusetts,Yes,43.85714286,19,0.428571429,28.57142857,0,20.85714286,185.1428571,Urban,42.345631,-71.207622,2088
2,Worcester County,12-Sep,Yes,WORCESTER,2.51E+11,SOUTH HIGH COMMUNITY,public & charter,12,9,12-Sep,public,2019,0,1,0,MA,Massachusetts,Yes,21.71428571,35.71428571,0.142857143,92,0,6,41.42857143,Urban,42.244487,-71.863908,1379
6,Essex County,12-Sep,Yes,PEABODY,2.51E+11,PEABODY VETERANS MEMORIAL HIGH,public & charter,12,9,12-Sep,public,2019,0,1,0,MA,Massachusetts,Yes,4.428571429,7.714285714,0,38.71428571,0,3.571428571,153.2857143,Urban,42.544661,-70.974107,1455
9,Bristol County,Mixed,Yes,GLOBAL LEARNING CHARTER PUBLIC (DISTRICT),2.50E+11,GLOBAL LEARNING CHARTER PUBLIC SCHOOL,public & charter,12,5,12-May,charter,2019,1,1,1,MA,Massachusetts,Yes,0.714285714,7.857142857,0.285714286,31.42857143,0,3.142857143,29,Urban,41.659974,-70.929429,507
1,Hampden County,Mixed,No,CHICOPEE,2.50E+11,CHICOPEE ACADEMY,public & charter,12,7,12-Jul,public,2019,0,1,1,MA,Massachusetts,No,0,0.285714286,0,5.571428571,0,0.571428571,2,Urban,42.197649,-72.56138,59
4,Bristol County,12-Sep,Yes,MANSFIELD,2.51E+11,MANSFIELD HIGH,public & charter,12,9,12-Sep,public,2019,0,1,0,MA,Massachusetts,Yes,9.857142857,6.428571429,0,7,0,6.714285714,147.1428571,Urban,42.029695,-71.204208,1240
2,Hampshire County,12-Sep,Yes,NORTHAMPTON-SMITH VOCATIONAL AGRICULTURAL,2.51E+11,SMITH VOCATIONAL AND AGRICULTURAL HIGH,public & charter,12,9,12-Sep,public,2019,0,1,0,MA,Massachusetts,Yes,0.285714286,1,0,9.285714286,0,1.142857143,59.14285714,Urban,42.33176,-72.65586,496
4,Bristol County,12-Sep,Yes,SWANSEA,2.51E+11,JOSEPH CASE HIGH,public & charter,12,9,12-Sep,public,2019,0,1,0,MA,Massachusetts,Yes,1,0.714285714,0,2.285714286,0,0.857142857,70.42857143,Urban,41.75432,-71.20122,527
3,Essex County,12-Sep,Yes,ANDOVER,2.50E+11,ANDOVER HIGH,public & charter,12,9,12-Sep,public,2019,0,1,0,MA,Massachusetts,Yes,47.85714286,5.285714286,0.714285714,16.14285714,0,5.571428571,180.7142857,Urban,42.657463,-71.155895,1795
3,Middlesex County,12-Sep,Yes,WESTFORD,2.51E+11,WESTFORD ACADEMY,public & charter,12,9,12-Sep,public,2019,0,1,0,MA,Massachusetts,Yes,60.28571429,2.428571429,0.142857143,3.714285714,0.142857143,8.428571429,166.4285714,Urban,42.577457,-71.463818,1691
9,Plymouth County,12-Sep,Yes,MARSHFIELD,2.51E+11,MARSHFIELD HIGH,public & charter,12,9,12-Sep,public,2019,0,1,0,MA,Massachusetts,Yes,2.571428571,0.714285714,0,6,0.142857143,2,175.2857143,Urban,42.108266,-70.741947,1307
7,Suffolk County,Mixed,Yes,NEIGHBORHOOD HOUSE CHARTER (DISTRICT),2.50E+11,NEIGHBORHOOD HOUSE CHARTER SCHOOL,public & charter,11,PK,PK - 11,charter,2019,1,1,1,MA,Massachusetts,Yes,2.857142857,53.71428571,0.571428571,22.85714286,0,5.142857143,15,Urban,42.293365,-71.053553,703
4,Bristol County,12-Sep,Yes,ATTLEBORO,2.50E+11,ATTLEBORO HIGH,public & charter,12,9,12-Sep,public,2019,0,1,0,MA,Massachusetts,Yes,11.28571429,15.71428571,0.571428571,41,0.428571429,10.57142857,173.1428571,Urban,41.938602,-71.301419,1770
7,Suffolk County,12-Sep,Yes,BOSTON,2.50E+11,CHARLESTOWN HIGH,public & charter,12,9,12-Sep,public,2019,0,1,0,MA,Massachusetts,Yes,10,36.57142857,0.285714286,68.85714286,0,1.714285714,4.857142857,Urban,42.380122,-71.060936,856
4,Bristol County,12-Sep,No,TAUNTON,2.51E+11,TAUNTON ALTERNATIVE HIGH SCHOOL,public & charter,12,10,12-Oct,public,2019,0,1,0,MA,Massachusetts,No,0,2,0,2.857142857,0,0.428571429,7,Urban,41.9002,-71.097,86
1,Hampden County,Mixed,Yes,SABIS INTERNATIONAL CHARTER (DISTRICT),2.50E+11,SABIS INTERNATIONAL CHARTER SCHOOL,public & charter,12,KG,KG - 12,charter,2019,1,1,1,MA,Massachusetts,Yes,9.285714286,63.28571429,0,96.57142857,0,13.14285714,42.57142857,Urban,42.125526,-72.484384,1574
1,Hampden County,12-Sep,No,PAULO FREIRE SOCIAL JUSTICE CHARTER SCHOOL (DISTRICT),2.50E+11,PAULO FREIRE SOCIAL JUSTICE CHARTER SCHOOL,public & charter,12,9,12-Sep,charter,2019,0,1,0,MA,Massachusetts,No,0,2.571428571,0,36.57142857,0,0.142857143,0.428571429,Urban,42.145833,-72.604898,278
1,Berkshire County,Mixed,Yes,HOOSAC VALLEY REGIONAL,2.50E+11,HOOSAC VALLEY HIGH SCHOOL,public & charter,12,8,12-Aug,public,2019,0,1,1,MA,Massachusetts,Yes,0.714285714,2.857142857,0.285714286,0.428571429,0,0.142857143,44.28571429,Rural,42.594074,-73.115223,341
6,Middlesex County,12-Sep,Yes,NORTHEAST METROPOLITAN REGIONAL VOCATIONAL TECHNICAL,2.51E+11,NORTHEAST METRO REGIONAL VOCATIONAL,public & charter,12,9,12-Sep,public,2019,0,1,0,MA,Massachusetts,Yes,1.142857143,4.714285714,0.142857143,63.57142857,0.428571429,3.428571429,108.7142857,Urban,42.49532,-71.04399,1275
1,Hampden County,12-Sep,No,SPRINGFIELD,2.51E+11,LIBERTY PREPARATORY ACADEMY,public & charter,12,9,12-Sep,public,2019,0,1,0,MA,Massachusetts,No,0,0,0,0.428571429,0,0.142857143,1.571428571,Urban,42.088359,-72.559114,15
3,Middlesex County,12-Sep,Yes,NASHOBA VALLEY REGIONAL VOCATIONAL TECHNICAL,2.51E+11,NASHOBA VALLEY TECHNICAL HIGH SCHOOL,public & charter,12,9,12-Sep,public,2019,0,1,0,MA,Massachusetts,Yes,1.571428571,2.142857143,0.428571429,6.571428571,0.142857143,2.142857143,87.57142857,Urban,42.570505,-71.40929,709
6,Middlesex County,12-Sep,Yes,WAKEFIELD,2.51E+11,WAKEFIELD MEMORIAL HIGH,public & charter,12,9,12-Sep,public,2019,0,1,0,MA,Massachusetts,Yes,4.428571429,5.285714286,0.142857143,9,0.142857143,2.285714286,119,Urban,42.496353,-71.050696,983
1,Hampden County,12-Sep,No,SPRINGFIELD,2.51E+11,GATEWAY TO COLLEGE AT SPRINGFIELD TECHNICAL COMMUNITY COLLEG,public & charter,12,9,12-Sep,public,2019,0,1,0,MA,Massachusetts,No,0,1.428571429,0,2.571428571,0,0.142857143,1.857142857,Urban,42.108854,-72.57859,42
4,Bristol County,12-Sep,Yes,SOMERSET BERKLEY REGIONAL SCHOOL DISTRICT,2.50E+11,SOMERSET BERKLEY REGIONAL HIGH SCHOOL,public & charter,12,9,12-Sep,public,2019,0,1,0,MA,Massachusetts,Yes,1.714285714,1.857142857,0.285714286,6.285714286,0.285714286,1.714285714,134.4285714,Urban,41.742455,-71.150265,1026
2,Worcester County,12-Sep,No,LEOMINSTER,2.51E+11,LEOMINSTER CENTER FOR EXCELLENCE,public & charter,12,9,12-Sep,public,2019,0,1,0,MA,Massachusetts,No,0,0.142857143,0,1.714285714,0,0.142857143,4,Urban,42.53159,-71.778128,43
2,Worcester County,Mixed,Yes,WORCESTER,2.51E+11,UNIVERSITY PK CAMPUS SCHOOL,public & charter,12,7,12-Jul,public,2019,0,1,1,MA,Massachusetts,Yes,6.571428571,4.714285714,0.142857143,18.85714286,0,1.714285714,3,Urban,42.246912,-71.825192,245
3,Worcester County,12-Sep,Yes,LUNENBURG,2.51E+11,LUNENBURG HIGH,public & charter,12,9,12-Sep,public,2019,0,1,0,MA,Massachusetts,Yes,1.142857143,1.428571429,0.571428571,4.142857143,0.285714286,1,56,Urban,42.599267,-71.720472,452
4,Norfolk County,12-Sep,Yes,MILLIS,2.51E+11,MILLIS HIGH SCHOOL,public & charter,12,9,12-Sep,public,2019,0,1,0,MA,Massachusetts,Yes,1.571428571,0.857142857,0,3.714285714,0.142857143,0.571428571,40.71428571,Urban,42.162639,-71.35774,333
9,Bristol County,12-Sep,Yes,DARTMOUTH,2.50E+11,DARTMOUTH HIGH,public & charter,12,9,12-Sep,public,2019,0,1,0,MA,Massachusetts,Yes,0.285714286,3.285714286,0,6.142857143,0,11.71428571,127,Urban,41.59391,-70.97837,1039
9,Plymouth County,12-Sep,Yes,SOUTH SHORE REGIONAL VOCATIONAL TECHNICAL,2.51E+11,SO SHORE VOCATIONAL TECHNICAL HIGH,public & charter,12,9,12-Sep,public,2019,0,1,0,MA,Massachusetts,Yes,1,1.571428571,0.285714286,4.714285714,0,2.142857143,81.42857143,Urban,42.14786,-70.8632,638
7,Suffolk County,12-Sep,No,CITY ON A HILL CHARTER PUBLIC SCHOOL CIRCUIT STREET (DISTRIC,2.50E+11,CITY ON A HILL CHARTER PUBLIC SCHOOL CIRCUIT STREET,public & charter,12,9,12-Sep,charter,2019,0,1,0,MA,Massachusetts,No,0,0,0,0,0,0,0,Urban,42.323741,-71.0879,
6,Middlesex County,Mixed,Yes,BURLINGTON,2.50E+11,BURLINGTON HIGH,public & charter,12,9,12-Sep,public,2019,1,1,0,MA,Massachusetts,Yes,23,10,0.714285714,10.71428571,0,5.571428571,99.42857143,Urban,42.495944,-71.198167,1046
7,Suffolk County,Mixed,No,BOSTON,2.50E+11,QUINCY UPPER SCHOOL,public & charter,12,6,12-Jun,public,2019,0,1,1,MA,Massachusetts,No,37.42857143,15.71428571,0.142857143,17.85714286,0,2,3,Urban,42.348369,-71.06893,533
9,Barnstable County,Mixed,Yes,DENNIS-YARMOUTH,2.50E+11,DENNIS-YARMOUTH REGIONAL HIGH,public & charter,12,8,12-Aug,public,2019,0,1,1,MA,Massachusetts,Yes,3.428571429,13.85714286,2.428571429,19,0,6.857142857,88.28571429,Urban,41.677336,-70.194188,937
2,Hampshire County,12-Sep,Yes,AMHERST-PELHAM,2.50E+11,AMHERST REGIONAL HIGH,public & charter,12,9,12-Sep,public,2019,0,1,0,MA,Massachusetts,Yes,12.71428571,10.71428571,0.142857143,22.14285714,0.142857143,12.42857143,72.71428571,Urban,42.380755,-72.512846,920
6,Essex County,12-Sep,Yes,TRITON,2.51E+11,TRITON REGIONAL HIGH SCHOOL,public & charter,12,9,12-Sep,public,2019,0,1,0,MA,Massachusetts,Yes,1.857142857,1.285714286,0.285714286,3.571428571,0.142857143,1.285714286,88.85714286,Rural,42.744007,-70.919475,682
6,Essex County,12-Sep,Yes,GEORGETOWN,2.51E+11,GEORGETOWN HIGH SCHOOL,public & charter,12,9,12-Sep,public,2019,0,1,0,MA,Massachusetts,Yes,0.714285714,0.571428571,0,1.428571429,0,0.857142857,50.42857143,Urban,42.724119,-70.986499,378
9,Bristol County,Mixed,Yes,NEW BEDFORD,2.51E+11,TRINITY DAY ACADEMY,public & charter,12,4,12-Apr,public,2019,1,1,1,MA,Massachusetts,Yes,0,1.714285714,0,4.285714286,0,1.285714286,6,Urban,41.638919,-70.937008,93
2,Worcester County,12-Sep,Yes,LEOMINSTER,2.51E+11,CENTER FOR TECHNICAL EDUCATION INNOVATION,public & charter,12,9,12-Sep,public,2019,0,1,0,MA,Massachusetts,Yes,3,8.714285714,0,36.28571429,0.428571429,3.571428571,51.14285714,Urban,42.532321,-71.777938,722
5,Middlesex County,12-Sep,Yes,SOUTH MIDDLESEX REGIONAL VOCATIONAL TECHNICAL,2.51E+11,JOSEPH P KEEFE TECHNICAL HIGH SCHOOL,public & charter,12,9,12-Sep,public,2019,0,1,0,MA,Massachusetts,Yes,1,6.714285714,2.285714286,49.57142857,0,3.857142857,50.71428571,Urban,42.276394,-71.435923,799
2,Worcester County,12-Sep,Yes,LEOMINSTER,2.51E+11,LEOMINSTER HIGH SCHOOL,public & charter,12,9,12-Sep,public,2019,0,1,0,MA,Massachusetts,Yes,5.571428571,15.71428571,0.285714286,52,0,5.428571429,79.57142857,Urban,42.532321,-71.777938,1112
7,Suffolk County,12-Sep,No,BOSTON,2.50E+11,BOSTON ARTS ACADEMY,public & charter,12,9,12-Sep,public,2019,0,1,0,MA,Massachusetts,No,1.714285714,30.57142857,0.285714286,26.42857143,0.142857143,2.571428571,6.285714286,Urban,42.300956,-71.061303,477
1,Hampden County,12-Sep,Yes,SPRINGFIELD,2.51E+11,ROGER L. PUTNAM VOCATIONAL TECHNICAL ACADEMY,public & charter,12,9,12-Sep,public,2019,0,1,0,MA,Massachusetts,Yes,3.285714286,37.71428571,0,139.2857143,0,1.285714286,17.42857143,Urban,42.12024,-72.549894,1393
9,Barnstable County,12-Sep,Yes,FALMOUTH,2.50E+11,FALMOUTH HIGH,public & charter,12,9,12-Sep,public,2019,0,1,0,MA,Massachusetts,Yes,2.428571429,5.571428571,1.142857143,5.714285714,0,6.571428571,98.28571429,Urban,41.590053,-70.607732,842
1,Berkshire County,Mixed,Yes,SOUTHERN BERKSHIRE,2.51E+11,MT EVERETT REGIONAL,public & charter,12,6,12-Jun,public,2019,0,1,1,MA,Massachusetts,Yes,0,0.857142857,0.428571429,3.285714286,0,2.428571429,42,Rural,42.106196,-73.374486,344
7,Suffolk County,Mixed,Yes,WINTHROP,2.51E+11,WINTHROP HIGH SCHOOL,public & charter,12,9,12-Sep,public,2019,1,1,0,MA,Massachusetts,Yes,0.857142857,1,0,12.85714286,0,0.428571429,68.57142857,Urban,42.380261,-70.979738,586
9,Barnstable County,12-Sep,Yes,SANDWICH,2.51E+11,SANDWICH HIGH,public & charter,12,9,12-Sep,public,2019,0,1,0,MA,Massachusetts,Yes,2,0.571428571,1,1.571428571,0.142857143,0.142857143,88.57142857,Urban,41.735678,-70.458785,658
1,Hampden County,12-Sep,Yes,SPRINGFIELD,2.51E+11,SPRINGFIELD CENTRAL HIGH,public & charter,12,9,12-Sep,public,2019,0,1,0,MA,Massachusetts,Yes,13.71428571,69.14285714,0.285714286,173.7142857,0.142857143,4,33.71428571,Urban,42.131135,-72.54869,2063
3,Middlesex County,12-Sep,Yes,GROTON-DUNSTABLE,2.51E+11,GROTON DUNSTABLE REGIONAL,public & charter,12,9,12-Sep,public,2019,0,1,0,MA,Massachusetts,Yes,8.285714286,0.714285714,0.142857143,2,0.285714286,1.142857143,90.85714286,Rural,42.65109,-71.540285,725
1,Hampden County,Mixed,No,BAYSTATE ACADEMY CHARTER PUBLIC SCHOOL (DISTRICT),2.50E+11,BAYSTATE ACADEMY CHARTER PUBLIC SCHOOL,public & charter,12,6,12-Jun,charter,2019,0,1,1,MA,Massachusetts,No,0.428571429,18.28571429,0,37.71428571,0.285714286,1.142857143,8.285714286,Urban,42.134936,-72.545393,463
1,,Mixed,Yes,HAMPDEN CHARTER SCHOOL OF SCIENCE WEST (DISTRICT),2.50E+11,HAMPDEN CHARTER SCHOOL OF SCIENCE WEST,public & charter,10,6,10-Jun,charter,2019,0,1,1,MA,Massachusetts,Yes,0.571428571,5.714285714,0,12.57142857,0,0.714285714,17.85714286,Urban,42.102243,-72.609601,262
3,Middlesex County,Mixed,Yes,INNOVATION ACADEMY CHARTER (DISTRICT),2.50E+11,INNOVATION ACADEMY CHARTER SCHOOL,public & charter,12,5,12-May,charter,2019,1,1,1,MA,Massachusetts,Yes,9.857142857,7.571428571,0.142857143,11.28571429,0,6.428571429,78.57142857,Urban,42.659004,-71.408283,798
6,Middlesex County,Mixed,Yes,BILLERICA,2.50E+11,BILLERICA MEMORIAL HIGH SCHOOL,public & charter,12,8,12-Aug,public,2019,1,1,1,MA,Massachusetts,Yes,0,0,0,0,0,0,0,Urban,42.56196,-71.273371,1769
7,Suffolk County,12-Sep,Yes,BOSTON,2.50E+11,JEREMIAH E BURKE HIGH,public & charter,12,9,12-Sep,public,2019,0,1,0,MA,Massachusetts,Yes,0.714285714,37,0,17.42857143,0.571428571,1.714285714,2.142857143,Urban,42.306942,-71.081648,417
6,Essex County,12-Sep,Yes,MARBLEHEAD,2.51E+11,MARBLEHEAD HIGH,public & charter,12,9,12-Sep,public,2019,0,1,0,MA,Massachusetts,Yes,2.428571429,4.142857143,0,8.142857143,0,3.285714286,125.1428571,Urban,42.491942,-70.868492,1002
8,Norfolk County,12-Sep,Yes,NORWOOD,2.51E+11,NORWOOD HIGH,public & charter,12,9,12-Sep,public,2019,0,1,0,MA,Massachusetts,Yes,7.142857143,18.14285714,0,20,0.142857143,3.285714286,93,Urban,42.191303,-71.21592,993
3,Middlesex County,12-Sep,Yes,CONCORD-CARLISLE,2.50E+11,CONCORD CARLISLE HIGH,public & charter,12,9,12-Sep,public,2019,0,1,0,MA,Massachusetts,Yes,14.85714286,8.285714286,0.142857143,8.571428571,0,8.428571429,142.1428571,Urban,42.447381,-71.348227,1280
1,Worcester County,12-Sep,No,SOUTHBRIDGE,2.51E+11,SOUTHBRIDGE HIGH SCHOOL,public & charter,12,9,12-Sep,public,2019,0,1,0,MA,Massachusetts,No,0.857142857,1.142857143,0.142857143,40.85714286,0.142857143,0.714285714,20.57142857,Rural,42.08226,-72.006143,451
4,Bristol County,12-Sep,Yes,SEEKONK,2.51E+11,SEEKONK HIGH,public & charter,12,9,12-Sep,public,2019,0,1,0,MA,Massachusetts,Yes,3,1.571428571,0,4.285714286,0.142857143,2.142857143,74.85714286,Urban,41.835305,-71.332578,602
8,Norfolk County,12-Sep,Yes,DEDHAM,2.50E+11,DEDHAM HIGH,public & charter,12,9,12-Sep,public,2019,0,1,0,MA,Massachusetts,Yes,2.428571429,9.857142857,0,15.57142857,0,2.142857143,73,Urban,42.245776,-71.162058,722
4,Bristol County,12-Sep,No,BRISTOL COUNTY AGRICULTURAL,2.50E+11,BRISTOL COUNTY AGRICULTURAL HIGH,public & charter,12,9,12-Sep,public,2019,0,1,0,MA,Massachusetts,No,0.285714286,1,0,2.714285714,0.142857143,0.857142857,59.14285714,Urban,41.835244,-71.114821,451
6,Essex County,12-Sep,Yes,SAUGUS,2.51E+11,SAUGUS HIGH,public & charter,12,9,12-Sep,public,2019,0,1,0,MA,Massachusetts,Yes,4.428571429,5.571428571,0.571428571,17.57142857,0.142857143,1.571428571,68.42857143,Urban,42.460953,-71.022474,689
7,Middlesex County,12-Sep,Yes,SOMERVILLE,2.51E+11,FULL CIRCLE HIGH SCHOOL,public & charter,12,9,12-Sep,public,2019,0,1,0,MA,Massachusetts,Yes,0.142857143,1.285714286,0,4,0,0,2.285714286,Urban,42.387619,-71.087266,54
1,Hampden County,12-Sep,No,LUDLOW,2.51E+11,LUDLOW SENIOR HIGH,public & charter,12,9,12-Sep,public,2019,0,1,0,MA,Massachusetts,No,0.857142857,2.714285714,0.285714286,8.857142857,0,3.857142857,107.1428571,Urban,42.172143,-72.465881,868
5,Middlesex County,12-Sep,Yes,WESTON,2.51E+11,WESTON HIGH,public & charter,12,9,12-Sep,public,2019,0,1,0,MA,Massachusetts,Yes,17.71428571,6,0.428571429,3.285714286,0,4.142857143,63.14285714,Urban,42.339612,-71.304135,663
2,Worcester County,12-Sep,Yes,MENDON-UPTON,2.51E+11,NIPMUC REGIONAL HIGH,public & charter,12,9,12-Sep,public,2019,0,1,0,MA,Massachusetts,Yes,2,1.142857143,0.285714286,4,0,2.285714286,81.85714286,Rural,42.159617,-71.617007,641
7,Suffolk County,12-Sep,Yes,BOSTON,2.50E+11,BOSTON COMMUNITY LEADERSHIP ACADEMY,public & charter,12,9,12-Sep,public,2019,0,1,0,MA,Massachusetts,Yes,2.571428571,23.85714286,0.142857143,41.28571429,0.142857143,1,3.285714286,Urban,42.262966,-71.117887,506
5,Middlesex County,12-Sep,Yes,FRAMINGHAM,2.50E+11,FRAMINGHAM HIGH SCHOOL,public & charter,12,9,12-Sep,public,2019,0,1,0,MA,Massachusetts,Yes,17,23,0.285714286,92.28571429,0.428571429,12.71428571,184.2857143,Urban,42.31844,-71.403535,2311
7,Suffolk County,Mixed,Yes,BROOKE CHARTER SCHOOL (DISTRICT),2.50E+11,BROOKE CHARTER SCHOOL,public & charter,12,KG,KG - 12,charter,2019,1,1,1,MA,Massachusetts,Yes,5,151.8571429,0.428571429,106.8571429,0,5.428571429,11.71428571,Urban,42.28193,-71.122109,1969
6,Essex County,12-Sep,Yes,GLOUCESTER,2.51E+11,GLOUCESTER HIGH,public & charter,12,9,12-Sep,public,2019,0,1,0,MA,Massachusetts,Yes,0.857142857,1.857142857,0.142857143,12.71428571,0.857142857,4,89.28571429,Urban,42.6135,-70.676113,768
8,,Mixed,No,NEW HEIGHTS CHARTER SCHOOL OF BROCKTON (DISTRICT),2.50E+11,NEW HEIGHTS CHARTER SCHOOL OF BROCKTON,public & charter,11,6,11-Jun,charter,2019,0,1,1,MA,Massachusetts,No,0.714285714,76.28571429,0.142857143,6.428571429,0,1,1.428571429,Urban,42.051907,-71.010729,602
1,Berkshire County,12-Sep,Yes,CENTRAL BERKSHIRE,2.50E+11,WAHCONAH REGIONAL HIGH,public & charter,12,9,12-Sep,public,2019,0,1,0,MA,Massachusetts,Yes,0.571428571,0.285714286,0.142857143,2.428571429,0,1.428571429,66.71428571,Rural,42.47254,-73.139506,501
3,Middlesex County,12-Sep,Yes,LOWELL,2.51E+11,LOWELL HIGH,public & charter,12,9,12-Sep,public,2019,0,1,0,MA,Massachusetts,Yes,131.4285714,51.71428571,0,118.2857143,0.142857143,13.57142857,115,Urban,42.647563,-71.311629,3011
7,Suffolk County,12-Sep,Yes,BOSTON,2.50E+11,COMMUNITY ACADEMY OF SCIENCE AND HEALTH,public & charter,12,9,12-Sep,public,2019,0,1,0,MA,Massachusetts,Yes,1.571428571,31,0.285714286,15.14285714,0,2.142857143,1.285714286,Urban,42.300956,-71.061303,360
1,Berkshire County,12-Sep,Yes,PITTSFIELD,2.51E+11,TACONIC HIGH,public & charter,12,9,12-Sep,public,2019,0,1,0,MA,Massachusetts,Yes,1.285714286,16.57142857,0.142857143,14.71428571,0,10.42857143,75.28571429,Urban,42.459254,-73.273292,830
2,Worcester County,Mixed,Yes,AUBURN,2.50E+11,AUBURN SENIOR HIGH,public & charter,12,9,12-Sep,public,2019,1,1,0,MA,Massachusetts,Yes,4.714285714,2.428571429,0.285714286,10.14285714,0,3.857142857,92,Urban,42.207079,-71.837407,794
5,Middlesex County,12-Sep,Yes,STONEHAM,2.51E+11,STONEHAM HIGH,public & charter,12,9,12-Sep,public,2019,0,1,0,MA,Massachusetts,Yes,4.714285714,1.857142857,0.285714286,7.714285714,0,3.142857143,74.42857143,Urban,42.472356,-71.089197,645
5,Middlesex County,12-Sep,Yes,MINUTEMAN REGIONAL VOCATIONAL TECHNICAL,2.51E+11,MINUTEMAN REGIONAL HIGH,public & charter,12,9,12-Sep,public,2019,0,1,0,MA,Massachusetts,Yes,3.857142857,2.857142857,0.285714286,5.428571429,0,4.142857143,68.14285714,Rural,42.445907,-71.274808,598
6,Essex County,Mixed,Yes,KIPP ACADEMY LYNN CHARTER (DISTRICT),2.50E+11,KIPP ACADEMY LYNN CHARTER SCHOOL,public & charter,12,KG,KG - 12,charter,2019,1,1,1,MA,Massachusetts,Yes,7.142857143,44.71428571,0.428571429,157.2857143,0.285714286,6.142857143,12.85714286,Urban,42.467758,-70.949409,1602
1,Hampshire County,12-Sep,Yes,SOUTH HADLEY,2.51E+11,SOUTH HADLEY HIGH,public & charter,12,9,12-Sep,public,2019,0,1,0,MA,Massachusetts,Yes,1.857142857,1.714285714,0,9.571428571,0.142857143,2.142857143,65.42857143,Urban,42.228013,-72.586121,568
2,Worcester County,12-Sep,Yes,NORTHBORO-SOUTHBORO,2.51E+11,ALGONQUIN REGIONAL HIGH,public & charter,12,9,12-Sep,public,2019,0,1,0,MA,Massachusetts,Yes,22.57142857,2.428571429,0.857142857,11.28571429,0.857142857,7.142857143,153.4285714,Urban,42.325949,-71.61312,1390
9,Plymouth County,12-Sep,Yes,WAREHAM,2.51E+11,WAREHAM COOPERATIVE ALTERNATIVE SCHOOL,public & charter,12,9,12-Sep,public,2019,0,1,0,MA,Massachusetts,Yes,0,0.714285714,0,0.714285714,0,0.857142857,4,Urban,41.7597,-70.7229,44
7,Suffolk County,Mixed,Yes,BOSTON,2.50E+11,DEARBORN,public & charter,12,6,12-Jun,public,2019,0,1,1,MA,Massachusetts,Yes,0.857142857,45.57142857,0.142857143,22.57142857,0.857142857,2.714285714,1.285714286,Urban,42.326458,-71.080826,518
7,Middlesex County,12-Sep,Yes,SOMERVILLE,2.51E+11,SOMERVILLE HIGH,public & charter,12,9,12-Sep,public,2019,0,1,0,MA,Massachusetts,Yes,10.85714286,22.28571429,0,82.71428571,0.285714286,3.142857143,55.71428571,Urban,42.38709,-71.097069,1228
5,Middlesex County,12-Sep,Yes,MELROSE,2.51E+11,MELROSE HIGH,public & charter,12,9,12-Sep,public,2019,0,1,0,MA,Massachusetts,Yes,7.714285714,8.571428571,0,5.857142857,0,5.857142857,112.8571429,Urban,42.464254,-71.065446,986
1,Hampden County,12-Sep,Yes,CHICOPEE,2.50E+11,CHICOPEE HIGH,public & charter,12,9,12-Sep,public,2019,0,1,0,MA,Massachusetts,Yes,3.571428571,8,0,62.85714286,0,2.571428571,64,Urban,42.148401,-72.584768,987
9,Barnstable County,12-Sep,No,UPPER CAPE COD REGIONAL VOCATIONAL TECHNICAL,2.51E+11,UPPER CAPE COD VOCATIONAL TECHNICAL,public & charter,12,9,12-Sep,public,2019,0,1,0,MA,Massachusetts,No,1.714285714,4.428571429,0.857142857,2.857142857,0.142857143,6.142857143,84.71428571,Urban,41.745189,-70.578692,706
3,Middlesex County,12-Sep,Yes,MAYNARD,2.51E+11,MAYNARD HIGH,public & charter,12,9,12-Sep,public,2019,0,1,0,MA,Massachusetts,Yes,1.571428571,1.142857143,0.142857143,5.428571429,0,1.285714286,38.42857143,Urban,42.42111,-71.452634,337
2,Hampshire County,12-Sep,Yes,BELCHERTOWN,2.50E+11,BELCHERTOWN HIGH,public & charter,12,9,12-Sep,public,2019,0,1,0,MA,Massachusetts,Yes,1.428571429,2,0.142857143,2.857142857,0.285714286,2.571428571,90.85714286,Rural,42.266441,-72.409973,701
9,Plymouth County,12-Sep,Yes,PLYMOUTH,2.51E+11,PLYMOUTH NORTH HIGH,public & charter,12,9,12-Sep,public,2019,0,1,0,MA,Massachusetts,Yes,3,4.571428571,0.285714286,12,0,7.571428571,151.4285714,Urban,41.944162,-70.652224,1252
1,Hampshire County,Mixed,Yes,HAMPSHIRE,2.51E+11,HAMPSHIRE REGIONAL HIGH,public & charter,12,7,12-Jul,public,2019,0,1,1,MA,Massachusetts,Yes,1,0.285714286,0,4.571428571,0,3,95.85714286,Rural,42.302622,-72.771787,734
3,Worcester County,12-Sep,Yes,NASHOBA,2.51E+11,NASHOBA REGIONAL,public & charter,12,9,12-Sep,public,2019,0,1,0,MA,Massachusetts,Yes,4.285714286,2.285714286,0,4.571428571,0.285714286,2.285714286,117.8571429,Rural,42.449964,-71.633151,921
2,Worcester County,12-Sep,Yes,QUABBIN,2.50E+11,QUABBIN REGIONAL HIGH SCHOOL,public & charter,12,9,12-Sep,public,2019,0,1,0,MA,Massachusetts,Yes,0.857142857,0.857142857,0,3.428571429,0,2.142857143,81.42857143,Rural,42.400522,-72.114976,621
7,Suffolk County,Mixed,Yes,BOSTON,2.50E+11,BOSTON LATIN,public & charter,12,7,12-Jul,public,2019,0,1,1,MA,Massachusetts,Yes,103.8571429,26.85714286,0.285714286,47,0.571428571,16.14285714,157.8571429,Urban,42.337819,-71.101493,2471
9,Bristol County,Mixed,No,ARGOSY COLLEGIATE CHARTER SCHOOL (DISTRICT),2.50E+11,ARGOSY COLLEGIATE CHARTER SCHOOL,public & charter,11,6,11-Jun,charter,2019,0,1,1,MA,Massachusetts,No,1.571428571,9.857142857,0.142857143,17,0.142857143,3.285714286,43,Urban,41.688684,-71.161589,525
7,Middlesex County,Mixed,Yes,PROSPECT HILL ACADEMY CHARTER (DISTRICT),2.50E+11,PROSPECT HILL ACADEMY CHARTER SCHOOL,public & charter,12,KG,KG - 12,charter,2019,1,1,1,MA,Massachusetts,Yes,12.42857143,87.71428571,0.428571429,31.71428571,0.285714286,5.285714286,20.14285714,Urban,42.367515,-71.100874,1106
1,Berkshire County,Mixed,Yes,LEE,2.51E+11,LEE MIDDLE/HIGH SCHOOL,public & charter,12,7,12-Jul,public,2019,0,1,1,MA,Massachusetts,Yes,1.285714286,0.428571429,0.142857143,4.571428571,0,1.714285714,42.28571429,Urban,42.30653,-73.23934,353
4,Norfolk County,Mixed,No,BELLINGHAM,2.50E+11,KEOUGH MEMORIAL ACADEMY,public & charter,12,8,12-Aug,public,2019,0,1,1,MA,Massachusetts,No,0,0,0,1,0,0.142857143,3.142857143,Urban,42.032897,-71.490305,32
1,Berkshire County,Mixed,Yes,MOUNT GREYLOCK,2.51E+11,MT GREYLOCK REGIONAL HIGH,public & charter,12,7,12-Jul,public,2019,0,1,1,MA,Massachusetts,Yes,1.428571429,1.571428571,0,2.714285714,0,2.571428571,70.71428571,Rural,42.671437,-73.241091,553
1,Hampden County,12-Sep,Yes,HAMPDEN-WILBRAHAM,2.51E+11,MINNECHAUG REGIONAL HIGH,public & charter,12,9,12-Sep,public,2019,0,1,0,MA,Massachusetts,Yes,6.285714286,4.428571429,0.714285714,10.14285714,0,4.428571429,124.4285714,Urban,42.110927,-72.444592,1053
2,Worcester County,12-Sep,Yes,WORCESTER,2.51E+11,DOHERTY MEMORIAL HIGH,public & charter,12,9,12-Sep,public,2019,0,1,0,MA,Massachusetts,Yes,12.71428571,35.85714286,0.428571429,73.57142857,0.142857143,9.714285714,81.71428571,Urban,42.269584,-71.820747,1499
9,Plymouth County,12-Sep,Yes,MIDDLEBOROUGH,2.51E+11,MIDDLEBOROUGH HIGH,public & charter,12,9,12-Sep,public,2019,0,1,0,MA,Massachusetts,Yes,1.142857143,3.285714286,1.428571429,4.142857143,0,3.571428571,101.8571429,Urban,41.880406,-70.904462,808
6,Essex County,12-Sep,Yes,SWAMPSCOTT,2.51E+11,SWAMPSCOTT HIGH,public & charter,12,9,12-Sep,public,2019,0,1,0,MA,Massachusetts,Yes,2,5.285714286,0,14,0,1.714285714,77.42857143,Urban,42.479025,-70.918866,703
8,Plymouth County,12-Sep,No,BROCKTON,2.50E+11,BROCKTON CHAMPION HIGH SCHOOL,public & charter,12,9,12-Sep,public,2019,0,1,0,MA,Massachusetts,No,0,6.428571429,0,3.571428571,0.142857143,0.857142857,3.714285714,Urban,42.082438,-71.023534,103
3,Middlesex County,12-Sep,Yes,TYNGSBOROUGH,2.51E+11,TYNGSBOROUGH HIGH SCHOOL,public & charter,12,9,12-Sep,public,2019,0,1,0,MA,Massachusetts,Yes,4.571428571,1.142857143,0.142857143,3,0,2.285714286,53.14285714,Urban,42.6974,-71.40822,450
7,Suffolk County,12-Sep,Yes,BOSTON,2.50E+11,EAST BOSTON HIGH,public & charter,12,9,12-Sep,public,2019,0,1,0,MA,Massachusetts,Yes,3.142857143,7.428571429,0.285714286,126.8571429,0,2.142857143,15,Urban,42.381258,-71.034937,1084
1,Hampshire County,12-Sep,Yes,EASTHAMPTON,2.50E+11,EASTHAMPTON HIGH,public & charter,12,9,12-Sep,public,2019,0,1,0,MA,Massachusetts,Yes,2.428571429,1.285714286,0,8.285714286,0.142857143,1.714285714,50.85714286,Urban,42.26052,-72.670991,456
1,Hampden County,12-Sep,Yes,AGAWAM,2.50E+11,AGAWAM HIGH,public & charter,12,9,12-Sep,public,2019,0,1,0,MA,Massachusetts,Yes,3.714285714,2.428571429,0.142857143,11.14285714,0,4,131.8571429,Urban,42.074264,-72.644584,1074
4,Norfolk County,12-Sep,Yes,SHARON,2.51E+11,SHARON HIGH,public & charter,12,9,12-Sep,public,2019,0,1,0,MA,Massachusetts,Yes,44.42857143,9.571428571,0.142857143,8.857142857,0.285714286,6.571428571,89.85714286,Urban,42.114022,-71.177243,1119
5,Middlesex County,12-Sep,Yes,BELMONT,2.50E+11,BELMONT HIGH,public & charter,12,9,12-Sep,public,2019,0,1,0,MA,Massachusetts,Yes,34.42857143,6.285714286,0,8,0,11,128.5714286,Urban,42.395262,-71.164829,1318
3,Middlesex County,12-Sep,Yes,LOWELL,2.51E+11,THE CAREER ACADEMY,public & charter,12,9,12-Sep,public,2019,0,1,0,MA,Massachusetts,Yes,2.142857143,1,0,6.571428571,0,0.428571429,2.857142857,Urban,42.633963,-71.323023,91
5,Middlesex County,12-Sep,Yes,HOLLISTON,2.51E+11,HOLLISTON HIGH,public & charter,12,9,12-Sep,public,2019,0,1,0,MA,Massachusetts,Yes,9.571428571,1.285714286,0.714285714,5.285714286,0,2.142857143,101.4285714,Urban,42.205465,-71.443327,843
1,Worcester County,12-Sep,No,SOUTHBRIDGE,2.51E+11,SOUTHBRIDGE ACADEMY,public & charter,12,9,12-Sep,public,2019,0,1,0,MA,Massachusetts,No,0,0,0,2.285714286,0,0.428571429,1.714285714,Urban,42.075285,-72.040462,31
6,Essex County,12-Sep,Yes,AMESBURY,2.50E+11,AMESBURY INNOVATION HIGH SCHOOL,public & charter,12,9,12-Sep,public,2019,0,1,0,MA,Massachusetts,Yes,0,0.285714286,0,0.571428571,0,0.571428571,6,Urban,42.856314,-70.934884,53
5,Middlesex County,12-Sep,Yes,WATERTOWN,2.51E+11,WATERTOWN HIGH,public & charter,12,9,12-Sep,public,2019,0,1,0,MA,Massachusetts,Yes,7.285714286,4.428571429,1,19.42857143,0,3.714285714,60.85714286,Urban,42.370005,-71.178242,677
7,Suffolk County,Mixed,Yes,BOSTON,2.50E+11,DR. WILLIAM HENDERSON UPPER,public & charter,12,2,12-Feb,public,2019,1,1,1,MA,Massachusetts,Yes,8.857142857,41.85714286,0.714285714,24,0,3.428571429,20,Urban,42.281275,-71.069596,692
9,,12-Sep,Yes,MAP ACADEMY CHARTER SCHOOL (DISTRICT),2.50E+11,MAP ACADEMY CHARTER SCHOOL,public & charter,12,9,12-Sep,charter,2019,0,1,0,MA,Massachusetts,Yes,0.142857143,1.428571429,0,4.428571429,0.142857143,1.428571429,15.42857143,Urban,41.948615,-70.711334,161
3,Essex County,12-Sep,No,LAWRENCE,2.51E+11,HIGH SCHOOL LEARNING CENTER,public & charter,12,9,12-Sep,public,2019,0,1,0,MA,Massachusetts,No,0.142857143,0.142857143,0.142857143,20.71428571,0,0,0.285714286,Urban,42.7105,-71.163897,150
2,Franklin County,Mixed,Yes,RALPH C MAHAR,2.51E+11,RALPH C MAHAR REGIONAL,public & charter,12,7,12-Jul,public,2019,0,1,1,MA,Massachusetts,Yes,1.428571429,2.142857143,0.285714286,7.714285714,0.142857143,4,74,Urban,42.574559,-72.302801,628
4,Worcester County,Mixed,Yes,HOPEDALE,2.51E+11,HOPEDALE JR SR HIGH,public & charter,12,7,12-Jul,public,2019,0,1,1,MA,Massachusetts,Yes,1.714285714,1,0.285714286,4.428571429,0.142857143,0.857142857,58.14285714,Urban,42.12889,-71.53757,466
4,Norfolk County,12-Sep,Yes,MEDWAY,2.51E+11,MEDWAY HIGH,public & charter,12,9,12-Sep,public,2019,0,1,0,MA,Massachusetts,Yes,3.857142857,1,0.285714286,4,0,1.285714286,87.14285714,Urban,42.154225,-71.438064,683
9,Bristol County,Mixed,Yes,WESTPORT,2.51E+11,WESTPORT JUNIOR/SENIOR HIGH SCHOOL,public & charter,12,7,12-Jul,public,2019,0,1,1,MA,Massachusetts,Yes,0.714285714,0.428571429,0.428571429,2.857142857,0,2.714285714,73.42857143,Rural,41.621401,-71.080568,564
2,Worcester County,Mixed,No,UXBRIDGE,2.51E+11,UXBRIDGE HIGH,public & charter,12,8,12-Aug,public,2019,0,1,1,MA,Massachusetts,No,1.428571429,1.285714286,0.428571429,4.285714286,0,2.285714286,74.85714286,Rural,42.051153,-71.618045,592
7,Suffolk County,Mixed,Yes,BOSTON,2.50E+11,BOSTON LATIN ACADEMY,public & charter,12,7,12-Jul,public,2019,0,1,1,MA,Massachusetts,Yes,50.28571429,53.14285714,0.428571429,64.71428571,0.285714286,8.428571429,75.71428571,Urban,42.316113,-71.084459,1773
1,Franklin County,Mixed,Yes,MOHAWK TRAIL,2.51E+11,MOHAWK TRAIL REGIONAL SCHOOL,public & charter,12,7,12-Jul,public,2019,0,1,1,MA,Massachusetts,Yes,0.428571429,0.142857143,0,1.857142857,0,1.428571429,44,Rural,42.616376,-72.755787,336
7,Suffolk County,12-Sep,Yes,BOSTON,2.50E+11,MARGARITA MUNIZ ACADEMY,public & charter,12,9,12-Sep,public,2019,0,1,0,MA,Massachusetts,Yes,0,2.142857143,0,42.57142857,0,0.428571429,0.428571429,Urban,42.307189,-71.114194,319
1,Hampshire County,12-Sep,No,GATEWAY,2.51E+11,GATEWAY REGIONAL HIGH,public & charter,12,9,12-Sep,public,2019,0,1,0,MA,Massachusetts,No,0.285714286,0,0.142857143,1,0,1.142857143,26.71428571,Rural,42.251029,-72.870161,205
3,Worcester County,Mixed,No,SIZER SCHOOL: A NORTH CENTRAL CHARTER ESSENTIAL (DISTRICT),2.50E+11,SIZER SCHOOL: A NORTH CENTRAL CHARTER ESSENTIAL SCHOOL,public & charter,12,7,12-Jul,charter,2019,0,1,1,MA,Massachusetts,No,0.714285714,2.714285714,0.142857143,11.42857143,0.142857143,1.285714286,34.14285714,Rural,42.602182,-71.802581,355
1,Hampden County,12-Sep,No,SPRINGFIELD,2.51E+11,SPRINGFIELD HIGH SCHOOL,public & charter,12,9,12-Sep,public,2019,0,1,0,MA,Massachusetts,No,0,6.285714286,0,18.71428571,0,0.571428571,3.714285714,Urban,42.088359,-72.559114,205